directed_edge,sender,receiver,years,step_days,samples,sampled_availability,min_light_time_minutes_when_open,max_light_time_minutes_when_open,longest_sampled_closed_run_days_lower_bound,shortest_closure_that_could_be_missed_days
Mercury -> Relay A,Mercury,Relay A,200.0,20.0,3654,0.9107827038861521,19.650894677755698,27.29384024846776,0.0,20.0
Relay A -> Mercury,Relay A,Mercury,200.0,20.0,3654,0.9107827038861521,19.650952779544646,27.294637452496737,0.0,20.0
Mercury -> Relay B,Mercury,Relay B,200.0,20.0,3654,0.9110563765736179,19.651790352944275,27.294558247031482,0.0,20.0
Relay B -> Mercury,Relay B,Mercury,200.0,20.0,3654,0.9110563765736179,19.651712045175813,27.299913571623918,0.0,20.0
Venus -> Relay A,Venus,Relay A,200.0,20.0,3654,0.946360153256705,17.474686998403612,29.50794269334321,0.0,20.0
Relay A -> Venus,Relay A,Venus,200.0,20.0,3654,0.9458128078817734,17.474696616591093,29.506073658908832,0.0,20.0
Venus -> Relay B,Venus,Relay B,200.0,20.0,3654,0.946360153256705,17.475255505333003,29.506865447901834,0.0,20.0
Relay B -> Venus,Relay B,Venus,200.0,20.0,3654,0.946360153256705,17.47521395669489,29.507377237894474,0.0,20.0
Earth -> Relay A,Earth,Relay A,200.0,20.0,3654,0.9564860426929392,15.070218809255953,31.918564071702583,20.0,20.0
Relay A -> Earth,Relay A,Earth,200.0,20.0,3654,0.9564860426929392,15.070215432120857,31.91894584331968,20.0,20.0
Earth -> Relay B,Earth,Relay B,200.0,20.0,3654,0.9570333880678709,15.079807525253809,31.894731850610373,0.0,20.0
Relay B -> Earth,Relay B,Earth,200.0,20.0,3654,0.9570333880678709,15.079698084456274,31.894287629725817,0.0,20.0
Mars -> Relay A,Mars,Relay A,200.0,20.0,3654,0.969896004378763,9.68989007900701,37.32222978568455,20.0,20.0
Relay A -> Mars,Relay A,Mars,200.0,20.0,3654,0.969896004378763,9.689857162539575,37.32194097128535,20.0,20.0
Mars -> Relay B,Mars,Relay B,200.0,20.0,3654,0.9688013136288999,9.690689281856663,37.31223487363407,20.0,20.0
Relay B -> Mars,Relay B,Mars,200.0,20.0,3654,0.9688013136288999,9.690697999645238,37.312513534718605,20.0,20.0
Ceres -> Relay A,Ceres,Relay A,200.0,20.0,3654,0.9950738916256158,1.5680625175640908,48.178016661599045,160.0,20.0
Relay A -> Ceres,Relay A,Ceres,200.0,20.0,3654,0.9950738916256158,1.5678807374045032,48.17801798933595,160.0,20.0
Ceres -> Relay B,Ceres,Relay B,200.0,20.0,3654,0.9967159277504105,0.4587709063064252,48.16379349632183,140.0,20.0
Relay B -> Ceres,Relay B,Ceres,200.0,20.0,3654,0.9967159277504105,0.4588224222307191,48.16392333482937,140.0,20.0
Jupiter -> Relay A,Jupiter,Relay A,200.0,20.0,3654,0.9838533114395184,18.44026354070667,68.84900664490237,40.0,20.0
Relay A -> Jupiter,Relay A,Jupiter,200.0,20.0,3654,0.9838533114395184,18.44031762609191,68.8487914853499,40.0,20.0
Jupiter -> Relay B,Jupiter,Relay B,200.0,20.0,3654,0.9844006568144499,17.68951247873867,68.38730798780396,40.0,20.0
Relay B -> Jupiter,Relay B,Jupiter,200.0,20.0,3654,0.9844006568144499,17.689489212450844,68.38702318100192,40.0,20.0
Saturn -> Relay A,Saturn,Relay A,200.0,20.0,3654,0.9898741105637657,51.46100534248425,107.21709669760664,20.0,20.0
Relay A -> Saturn,Relay A,Saturn,200.0,20.0,3654,0.9898741105637657,51.46106423010617,107.21741152249943,20.0,20.0
Saturn -> Relay B,Saturn,Relay B,200.0,20.0,3654,0.9898741105637657,51.451620263670875,107.2079407018044,20.0,20.0
Relay B -> Saturn,Relay B,Saturn,200.0,20.0,3654,0.9896004378762999,51.45166351189561,107.19627828248211,20.0,20.0
Uranus -> Relay A,Uranus,Relay A,200.0,20.0,3654,0.9854953475643131,129.0882397104036,191.23821329057267,20.0,20.0
Relay A -> Uranus,Relay A,Uranus,200.0,20.0,3654,0.9854953475643131,129.08810013052482,191.23773942868056,20.0,20.0
Uranus -> Relay B,Uranus,Relay B,200.0,20.0,3654,0.9857690202517789,129.11247188794587,191.27562981138337,20.0,20.0
Relay B -> Uranus,Relay B,Uranus,200.0,20.0,3654,0.9857690202517789,129.11262569461016,191.27605063960397,20.0,20.0
Neptune -> Relay A,Neptune,Relay A,200.0,20.0,3654,0.9890530925013684,224.0880905093875,275.9510021393769,0.0,20.0
Relay A -> Neptune,Relay A,Neptune,200.0,20.0,3654,0.9893267651888341,224.08805195171084,275.9643613911795,0.0,20.0
Neptune -> Relay B,Neptune,Relay B,200.0,20.0,3654,0.9893267651888341,224.08996730768757,275.98567505570065,20.0,20.0
Relay B -> Neptune,Relay B,Neptune,200.0,20.0,3654,0.9890530925013684,224.09003475683727,275.9860989048238,20.0,20.0
Relay A -> Relay B,Relay A,Relay B,200.0,20.0,3654,1.0,33.269389741154875,33.269389741155685,0.0,20.0
Relay B -> Relay A,Relay B,Relay A,200.0,20.0,3654,1.0,33.26661031689721,33.26661031689802,0.0,20.0
