settlement,assigned_exchange,core,years,route_step_days,sampled_availability,min_one_way_service_delay_minutes,max_one_way_service_delay_minutes
Mercury,Mercury,Ceres,200.0,45.0,1.0,21.266916438067952,72.73585458245749
Venus,Venus,Ceres,200.0,45.0,1.0,19.078125964912275,89.50615534460327
Earth,Earth,Ceres,200.0,45.0,1.0,17.48604703421394,90.4369924929381
Mars,Mars,Ceres,200.0,45.0,1.0,12.442828028757747,93.86350675620294
Ceres,Ceres,Ceres,200.0,45.0,1.0,0.016666666666666666,0.016666666666666666
Jupiter,Ceres,Ceres,200.0,45.0,0.9975384615384615,17.467503146035597,69.74900609697215
Saturn,Earth,Ceres,200.0,45.0,0.9667692307692307,84.53625444788486,175.44911187433172
Uranus,Ceres,Ceres,200.0,45.0,0.9993846153846154,131.8005047881161,188.76495827338658
Neptune,Earth,Ceres,200.0,45.0,0.968,258.85769600921776,343.90424020879436
