kind,node,start_hours,duration_hours,scenario_status,recovery_time_hours,recovery_delay_vs_baseline_hours,max_price_reception_delay_hours,forced_loss_launches,incomplete,stress_score,pruned_no_effect,search_stage
gateway_isolation,Ceres,228.0,72.0,SPENDABLE,318.71508836624093,75.03313862469446,0.0,12,False,195.03313862469446,False,coarse
gateway_isolation,Ceres,234.0,72.0,SPENDABLE,318.71508836624093,75.03313862469446,0.0,12,False,195.03313862469446,False,coarse
gateway_isolation,Ceres,240.0,72.0,SPENDABLE,318.71508836624093,75.03313862469446,0.0,12,False,195.03313862469446,False,coarse
gateway_isolation,Mars,228.0,72.0,SPENDABLE,318.71508836624093,75.03313862469446,0.0,12,False,195.03313862469446,False,coarse
gateway_isolation,Mars,234.0,72.0,SPENDABLE,318.71508836624093,75.03313862469446,0.0,12,False,195.03313862469446,False,coarse
gateway_isolation,Mars,240.0,72.0,SPENDABLE,318.71508836624093,75.03313862469446,0.0,12,False,195.03313862469446,False,coarse
gateway_isolation,Mars,227.0,72.0,SPENDABLE,318.71508836624093,75.03313862469446,0.0,12,False,195.03313862469446,False,fine
gateway_isolation,Mars,227.1666666667,72.0,SPENDABLE,318.71508836624093,75.03313862469446,0.0,12,False,195.03313862469446,False,fine
gateway_isolation,Mars,227.3333333333,72.0,SPENDABLE,318.71508836624093,75.03313862469446,0.0,12,False,195.03313862469446,False,fine
gateway_isolation,Mars,227.5,72.0,SPENDABLE,318.71508836624093,75.03313862469446,0.0,12,False,195.03313862469446,False,fine
gateway_isolation,Mars,227.6666666667,72.0,SPENDABLE,318.71508836624093,75.03313862469446,0.0,12,False,195.03313862469446,False,fine
gateway_isolation,Mars,227.8333333333,72.0,SPENDABLE,318.71508836624093,75.03313862469446,0.0,12,False,195.03313862469446,False,fine
gateway_isolation,Mars,228.0,72.0,SPENDABLE,318.71508836624093,75.03313862469446,0.0,12,False,195.03313862469446,False,fine
gateway_isolation,Mars,228.1666666667,72.0,SPENDABLE,318.71508836624093,75.03313862469446,0.0,12,False,195.03313862469446,False,fine
gateway_isolation,Mars,228.3333333333,72.0,SPENDABLE,318.71508836624093,75.03313862469446,0.0,12,False,195.03313862469446,False,fine
gateway_isolation,Mars,228.5,72.0,SPENDABLE,318.71508836624093,75.03313862469446,0.0,12,False,195.03313862469446,False,fine
gateway_isolation,Mars,228.6666666667,72.0,SPENDABLE,318.71508836624093,75.03313862469446,0.0,12,False,195.03313862469446,False,fine
gateway_isolation,Mars,228.8333333333,72.0,SPENDABLE,318.71508836624093,75.03313862469446,0.0,12,False,195.03313862469446,False,fine
gateway_isolation,Mars,229.0,72.0,SPENDABLE,318.71508836624093,75.03313862469446,0.0,12,False,195.03313862469446,False,fine
gateway_isolation,Mars,223.0,72.0,SPENDABLE,318.71508836624093,75.03313862469446,0.0,12,False,195.03313862469446,False,medium
gateway_isolation,Mars,224.0,72.0,SPENDABLE,318.71508836624093,75.03313862469446,0.0,12,False,195.03313862469446,False,medium
gateway_isolation,Mars,225.0,72.0,SPENDABLE,318.71508836624093,75.03313862469446,0.0,12,False,195.03313862469446,False,medium
gateway_isolation,Mars,226.0,72.0,SPENDABLE,318.71508836624093,75.03313862469446,0.0,12,False,195.03313862469446,False,medium
gateway_isolation,Mars,227.0,72.0,SPENDABLE,318.71508836624093,75.03313862469446,0.0,12,False,195.03313862469446,False,medium
gateway_isolation,Mars,228.0,72.0,SPENDABLE,318.71508836624093,75.03313862469446,0.0,12,False,195.03313862469446,False,medium
gateway_isolation,Mars,229.0,72.0,SPENDABLE,318.71508836624093,75.03313862469446,0.0,12,False,195.03313862469446,False,medium
gateway_isolation,Mars,230.0,72.0,SPENDABLE,318.71508836624093,75.03313862469446,0.0,12,False,195.03313862469446,False,medium
gateway_isolation,Mars,231.0,72.0,SPENDABLE,318.71508836624093,75.03313862469446,0.0,12,False,195.03313862469446,False,medium
gateway_isolation,Mars,232.0,72.0,SPENDABLE,318.71508836624093,75.03313862469446,0.0,12,False,195.03313862469446,False,medium
gateway_isolation,Mars,233.0,72.0,SPENDABLE,318.71508836624093,75.03313862469446,0.0,12,False,195.03313862469446,False,medium
gateway_isolation,Mars,234.0,72.0,SPENDABLE,318.71508836624093,75.03313862469446,0.0,12,False,195.03313862469446,False,medium
gateway_isolation,Earth,228.0,72.0,SPENDABLE,317.383432742344,73.70148300079751,0.0,12,False,193.7014830007975,False,coarse
gateway_isolation,Earth,234.0,72.0,SPENDABLE,317.383432742344,73.70148300079751,0.0,12,False,193.7014830007975,False,coarse
gateway_isolation,Earth,240.0,72.0,SPENDABLE,317.383432742344,73.70148300079751,0.0,12,False,193.7014830007975,False,coarse
gateway_isolation,Mars,222.0,72.0,SPENDABLE,298.2823955209052,54.60044577935872,0.0,11,False,164.60044577935872,False,coarse
gateway_isolation,Mars,222.0,72.0,SPENDABLE,298.2823955209052,54.60044577935872,0.0,11,False,164.60044577935872,False,medium
gateway_isolation,Ceres,222.0,72.0,SPENDABLE,298.1645673375803,54.48261759603383,0.0,11,False,164.48261759603383,False,coarse
gateway_isolation,Earth,222.0,72.0,SPENDABLE,297.0727710774671,53.390821335920634,0.0,11,False,163.39082133592063,False,coarse
gateway_isolation,Ceres,198.0,72.0,SPENDABLE,293.70172019280477,50.019770451258296,0.0,8,False,130.0197704512583,False,coarse
gateway_isolation,Ceres,204.0,72.0,SPENDABLE,293.70172019280477,50.019770451258296,0.0,8,False,130.0197704512583,False,coarse
gateway_isolation,Ceres,210.0,72.0,SPENDABLE,293.70172019280477,50.019770451258296,0.0,8,False,130.0197704512583,False,coarse
gateway_isolation,Ceres,216.0,72.0,SPENDABLE,293.70172019280477,50.019770451258296,0.0,8,False,130.0197704512583,False,coarse
gateway_isolation,Mars,198.0,72.0,SPENDABLE,293.70172019280477,50.019770451258296,0.0,8,False,130.0197704512583,False,coarse
gateway_isolation,Mars,204.0,72.0,SPENDABLE,293.70172019280477,50.019770451258296,0.0,8,False,130.0197704512583,False,coarse
gateway_isolation,Mars,210.0,72.0,SPENDABLE,293.70172019280477,50.019770451258296,0.0,8,False,130.0197704512583,False,coarse
gateway_isolation,Mars,216.0,72.0,SPENDABLE,293.70172019280477,50.019770451258296,0.0,8,False,130.0197704512583,False,coarse
gateway_isolation,Earth,204.0,72.0,SPENDABLE,292.31328846709664,48.631338725550165,0.0,8,False,128.63133872555017,False,coarse
gateway_isolation,Earth,210.0,72.0,SPENDABLE,292.31328846709664,48.631338725550165,0.0,8,False,128.63133872555017,False,coarse
gateway_isolation,Earth,216.0,72.0,SPENDABLE,292.31328846709664,48.631338725550165,0.0,8,False,128.63133872555017,False,coarse
gateway_isolation,Earth,198.0,72.0,SPENDABLE,272.00914249571156,28.327192754165083,0.0,7,False,98.32719275416508,False,coarse
forced_loss,Ceres,240.0,6.0,SPENDABLE,268.6906771110579,25.008727369511405,0.0,4,False,65.0087273695114,False,coarse
forced_loss,Mars,240.0,6.0,SPENDABLE,268.6906771110579,25.008727369511405,0.0,4,False,65.0087273695114,False,coarse
forced_loss,Relay A,240.0,6.0,SPENDABLE,268.6906771110579,25.008727369511405,0.0,4,False,65.0087273695114,False,coarse
gateway_isolation,Ceres,174.0,72.0,SPENDABLE,268.6906771110579,25.008727369511405,0.0,4,False,65.0087273695114,False,coarse
gateway_isolation,Ceres,180.0,72.0,SPENDABLE,268.6906771110579,25.008727369511405,0.0,4,False,65.0087273695114,False,coarse
gateway_isolation,Ceres,186.0,72.0,SPENDABLE,268.6906771110579,25.008727369511405,0.0,4,False,65.0087273695114,False,coarse
gateway_isolation,Ceres,192.0,72.0,SPENDABLE,268.6906771110579,25.008727369511405,0.0,4,False,65.0087273695114,False,coarse
gateway_isolation,Mars,174.0,72.0,SPENDABLE,268.6906771110579,25.008727369511405,0.0,4,False,65.0087273695114,False,coarse
gateway_isolation,Mars,180.0,72.0,SPENDABLE,268.6906771110579,25.008727369511405,0.0,4,False,65.0087273695114,False,coarse
gateway_isolation,Mars,186.0,72.0,SPENDABLE,268.6906771110579,25.008727369511405,0.0,4,False,65.0087273695114,False,coarse
gateway_isolation,Mars,192.0,72.0,SPENDABLE,268.6906771110579,25.008727369511405,0.0,4,False,65.0087273695114,False,coarse
gateway_isolation,Earth,180.0,72.0,SPENDABLE,267.24029645350856,23.558346711962088,0.0,4,False,63.55834671196209,False,coarse
gateway_isolation,Earth,186.0,72.0,SPENDABLE,267.24029645350856,23.558346711962088,0.0,4,False,63.55834671196209,False,coarse
gateway_isolation,Earth,192.0,72.0,SPENDABLE,267.24029645350856,23.558346711962088,0.0,4,False,63.55834671196209,False,coarse
forced_loss,Earth,240.0,6.0,SPENDABLE,248.45970688054797,4.777757139001494,0.0,3,False,34.777757139001494,False,coarse
gateway_isolation,Earth,174.0,72.0,SPENDABLE,248.45970688054797,4.777757139001494,0.0,3,False,34.777757139001494,False,coarse
endpoint_reset,Ceres,24.0,0.0,SPENDABLE,243.68194974154648,0.0,0.0,0,False,0.0,False,coarse
endpoint_reset,Ceres,30.0,0.0,SPENDABLE,243.68194974154648,0.0,0.0,0,False,0.0,False,coarse
endpoint_reset,Ceres,36.0,0.0,SPENDABLE,243.68194974154648,0.0,0.0,0,False,0.0,False,coarse
endpoint_reset,Ceres,42.0,0.0,SPENDABLE,243.68194974154648,0.0,0.0,0,False,0.0,False,coarse
endpoint_reset,Ceres,48.0,0.0,SPENDABLE,243.68194974154648,0.0,0.0,0,False,0.0,False,coarse
endpoint_reset,Ceres,54.0,0.0,SPENDABLE,243.68194974154648,0.0,0.0,0,False,0.0,False,coarse
endpoint_reset,Ceres,60.0,0.0,SPENDABLE,243.68194974154648,0.0,0.0,0,False,0.0,False,coarse
endpoint_reset,Ceres,66.0,0.0,SPENDABLE,243.68194974154648,0.0,0.0,0,False,0.0,False,coarse
endpoint_reset,Ceres,72.0,0.0,SPENDABLE,243.68194974154648,0.0,0.0,0,False,0.0,False,coarse
endpoint_reset,Ceres,78.0,0.0,SPENDABLE,243.68194974154648,0.0,0.0,0,False,0.0,False,coarse
endpoint_reset,Ceres,84.0,0.0,SPENDABLE,243.68194974154648,0.0,0.0,0,False,0.0,False,coarse
endpoint_reset,Ceres,90.0,0.0,SPENDABLE,243.68194974154648,0.0,0.0,0,False,0.0,False,coarse
endpoint_reset,Ceres,96.0,0.0,SPENDABLE,243.68194974154648,0.0,0.0,0,False,0.0,False,coarse
endpoint_reset,Ceres,102.0,0.0,SPENDABLE,243.68194974154648,0.0,0.0,0,False,0.0,False,coarse
endpoint_reset,Ceres,108.0,0.0,SPENDABLE,243.68194974154648,0.0,0.0,0,False,0.0,False,coarse
endpoint_reset,Ceres,114.0,0.0,SPENDABLE,243.68194974154648,0.0,0.0,0,False,0.0,False,coarse
endpoint_reset,Ceres,120.0,0.0,SPENDABLE,243.68194974154648,0.0,0.0,0,False,0.0,False,coarse
endpoint_reset,Ceres,126.0,0.0,SPENDABLE,243.68194974154648,0.0,0.0,0,False,0.0,False,coarse
endpoint_reset,Ceres,132.0,0.0,SPENDABLE,243.68194974154648,0.0,0.0,0,False,0.0,False,coarse
endpoint_reset,Ceres,138.0,0.0,SPENDABLE,243.68194974154648,0.0,0.0,0,False,0.0,False,coarse
endpoint_reset,Ceres,144.0,0.0,SPENDABLE,243.68194974154648,0.0,0.0,0,False,0.0,False,coarse
endpoint_reset,Ceres,150.0,0.0,SPENDABLE,243.68194974154648,0.0,0.0,0,False,0.0,False,coarse
endpoint_reset,Ceres,156.0,0.0,SPENDABLE,243.68194974154648,0.0,0.0,0,False,0.0,False,coarse
endpoint_reset,Ceres,162.0,0.0,SPENDABLE,243.68194974154648,0.0,0.0,0,False,0.0,False,coarse
endpoint_reset,Ceres,168.0,0.0,SPENDABLE,243.68194974154648,0.0,0.0,0,False,0.0,False,coarse
endpoint_reset,Ceres,174.0,0.0,SPENDABLE,243.68194974154648,0.0,0.0,0,False,0.0,False,coarse
endpoint_reset,Ceres,180.0,0.0,SPENDABLE,243.68194974154648,0.0,0.0,0,False,0.0,False,coarse
endpoint_reset,Ceres,186.0,0.0,SPENDABLE,243.68194974154648,0.0,0.0,0,False,0.0,False,coarse
endpoint_reset,Ceres,192.0,0.0,SPENDABLE,243.68194974154648,0.0,0.0,0,False,0.0,False,coarse
endpoint_reset,Ceres,198.0,0.0,SPENDABLE,243.68194974154648,0.0,0.0,0,False,0.0,False,coarse
endpoint_reset,Ceres,204.0,0.0,SPENDABLE,243.68194974154648,0.0,0.0,0,False,0.0,False,coarse
endpoint_reset,Ceres,210.0,0.0,SPENDABLE,243.68194974154648,0.0,0.0,0,False,0.0,False,coarse
endpoint_reset,Ceres,216.0,0.0,SPENDABLE,243.68194974154648,0.0,0.0,0,False,0.0,False,coarse
endpoint_reset,Ceres,222.0,0.0,SPENDABLE,243.68194974154648,0.0,0.0,0,False,0.0,False,coarse
endpoint_reset,Ceres,228.0,0.0,SPENDABLE,243.68194974154648,0.0,0.0,0,False,0.0,False,coarse
endpoint_reset,Ceres,234.0,0.0,SPENDABLE,243.68194974154648,0.0,0.0,0,False,0.0,False,coarse
endpoint_reset,Ceres,240.0,0.0,SPENDABLE,243.68194974154648,0.0,0.0,0,False,0.0,False,coarse
endpoint_reset,Earth,24.0,0.0,SPENDABLE,243.68194974154648,0.0,0.0,0,False,0.0,False,coarse
endpoint_reset,Earth,30.0,0.0,SPENDABLE,243.68194974154648,0.0,0.0,0,False,0.0,False,coarse
endpoint_reset,Earth,36.0,0.0,SPENDABLE,243.68194974154648,0.0,0.0,0,False,0.0,False,coarse
endpoint_reset,Earth,42.0,0.0,SPENDABLE,243.68194974154648,0.0,0.0,0,False,0.0,False,coarse
endpoint_reset,Earth,48.0,0.0,SPENDABLE,243.68194974154648,0.0,0.0,0,False,0.0,False,coarse
endpoint_reset,Earth,54.0,0.0,SPENDABLE,243.68194974154648,0.0,0.0,0,False,0.0,False,coarse
endpoint_reset,Earth,60.0,0.0,SPENDABLE,243.68194974154648,0.0,0.0,0,False,0.0,False,coarse
endpoint_reset,Earth,66.0,0.0,SPENDABLE,243.68194974154648,0.0,0.0,0,False,0.0,False,coarse
endpoint_reset,Earth,72.0,0.0,SPENDABLE,243.68194974154648,0.0,0.0,0,False,0.0,False,coarse
endpoint_reset,Earth,78.0,0.0,SPENDABLE,243.68194974154648,0.0,0.0,0,False,0.0,False,coarse
endpoint_reset,Earth,84.0,0.0,SPENDABLE,243.68194974154648,0.0,0.0,0,False,0.0,False,coarse
endpoint_reset,Earth,90.0,0.0,SPENDABLE,243.68194974154648,0.0,0.0,0,False,0.0,False,coarse
endpoint_reset,Earth,96.0,0.0,SPENDABLE,243.68194974154648,0.0,0.0,0,False,0.0,False,coarse
endpoint_reset,Earth,102.0,0.0,SPENDABLE,243.68194974154648,0.0,0.0,0,False,0.0,False,coarse
endpoint_reset,Earth,108.0,0.0,SPENDABLE,243.68194974154648,0.0,0.0,0,False,0.0,False,coarse
endpoint_reset,Earth,114.0,0.0,SPENDABLE,243.68194974154648,0.0,0.0,0,False,0.0,False,coarse
endpoint_reset,Earth,120.0,0.0,SPENDABLE,243.68194974154648,0.0,0.0,0,False,0.0,False,coarse
endpoint_reset,Earth,126.0,0.0,SPENDABLE,243.68194974154648,0.0,0.0,0,False,0.0,False,coarse
endpoint_reset,Earth,132.0,0.0,SPENDABLE,243.68194974154648,0.0,0.0,0,False,0.0,False,coarse
endpoint_reset,Earth,138.0,0.0,SPENDABLE,243.68194974154648,0.0,0.0,0,False,0.0,False,coarse
endpoint_reset,Earth,144.0,0.0,SPENDABLE,243.68194974154648,0.0,0.0,0,False,0.0,False,coarse
endpoint_reset,Earth,150.0,0.0,SPENDABLE,243.68194974154648,0.0,0.0,0,False,0.0,False,coarse
endpoint_reset,Earth,156.0,0.0,SPENDABLE,243.68194974154648,0.0,0.0,0,False,0.0,False,coarse
endpoint_reset,Earth,162.0,0.0,SPENDABLE,243.68194974154648,0.0,0.0,0,False,0.0,False,coarse
endpoint_reset,Earth,168.0,0.0,SPENDABLE,243.68194974154648,0.0,0.0,0,False,0.0,False,coarse
endpoint_reset,Earth,174.0,0.0,SPENDABLE,243.68194974154648,0.0,0.0,0,False,0.0,False,coarse
endpoint_reset,Earth,180.0,0.0,SPENDABLE,243.68194974154648,0.0,0.0,0,False,0.0,False,coarse
endpoint_reset,Earth,186.0,0.0,SPENDABLE,243.68194974154648,0.0,0.0,0,False,0.0,False,coarse
endpoint_reset,Earth,192.0,0.0,SPENDABLE,243.68194974154648,0.0,0.0,0,False,0.0,False,coarse
endpoint_reset,Earth,198.0,0.0,SPENDABLE,243.68194974154648,0.0,0.0,0,False,0.0,False,coarse
endpoint_reset,Earth,204.0,0.0,SPENDABLE,243.68194974154648,0.0,0.0,0,False,0.0,False,coarse
endpoint_reset,Earth,210.0,0.0,SPENDABLE,243.68194974154648,0.0,0.0,0,False,0.0,False,coarse
endpoint_reset,Earth,216.0,0.0,SPENDABLE,243.68194974154648,0.0,0.0,0,False,0.0,False,coarse
endpoint_reset,Earth,222.0,0.0,SPENDABLE,243.68194974154648,0.0,0.0,0,False,0.0,False,coarse
endpoint_reset,Earth,228.0,0.0,SPENDABLE,243.68194974154648,0.0,0.0,0,False,0.0,False,coarse
endpoint_reset,Earth,234.0,0.0,SPENDABLE,243.68194974154648,0.0,0.0,0,False,0.0,False,coarse
endpoint_reset,Earth,240.0,0.0,SPENDABLE,243.68194974154648,0.0,0.0,0,False,0.0,False,coarse
endpoint_reset,Mars,24.0,0.0,SPENDABLE,243.68194974154648,0.0,0.0,0,False,0.0,False,coarse
endpoint_reset,Mars,30.0,0.0,SPENDABLE,243.68194974154648,0.0,0.0,0,False,0.0,False,coarse
endpoint_reset,Mars,36.0,0.0,SPENDABLE,243.68194974154648,0.0,0.0,0,False,0.0,False,coarse
endpoint_reset,Mars,42.0,0.0,SPENDABLE,243.68194974154648,0.0,0.0,0,False,0.0,False,coarse
endpoint_reset,Mars,48.0,0.0,SPENDABLE,243.68194974154648,0.0,0.0,0,False,0.0,False,coarse
endpoint_reset,Mars,54.0,0.0,SPENDABLE,243.68194974154648,0.0,0.0,0,False,0.0,False,coarse
endpoint_reset,Mars,60.0,0.0,SPENDABLE,243.68194974154648,0.0,0.0,0,False,0.0,False,coarse
endpoint_reset,Mars,66.0,0.0,SPENDABLE,243.68194974154648,0.0,0.0,0,False,0.0,False,coarse
endpoint_reset,Mars,72.0,0.0,SPENDABLE,243.68194974154648,0.0,0.0,0,False,0.0,False,coarse
endpoint_reset,Mars,78.0,0.0,SPENDABLE,243.68194974154648,0.0,0.0,0,False,0.0,False,coarse
endpoint_reset,Mars,84.0,0.0,SPENDABLE,243.68194974154648,0.0,0.0,0,False,0.0,False,coarse
endpoint_reset,Mars,90.0,0.0,SPENDABLE,243.68194974154648,0.0,0.0,0,False,0.0,False,coarse
endpoint_reset,Mars,96.0,0.0,SPENDABLE,243.68194974154648,0.0,0.0,0,False,0.0,False,coarse
endpoint_reset,Mars,102.0,0.0,SPENDABLE,243.68194974154648,0.0,0.0,0,False,0.0,False,coarse
endpoint_reset,Mars,108.0,0.0,SPENDABLE,243.68194974154648,0.0,0.0,0,False,0.0,False,coarse
endpoint_reset,Mars,114.0,0.0,SPENDABLE,243.68194974154648,0.0,0.0,0,False,0.0,False,coarse
endpoint_reset,Mars,120.0,0.0,SPENDABLE,243.68194974154648,0.0,0.0,0,False,0.0,False,coarse
endpoint_reset,Mars,126.0,0.0,SPENDABLE,243.68194974154648,0.0,0.0,0,False,0.0,False,coarse
endpoint_reset,Mars,132.0,0.0,SPENDABLE,243.68194974154648,0.0,0.0,0,False,0.0,False,coarse
endpoint_reset,Mars,138.0,0.0,SPENDABLE,243.68194974154648,0.0,0.0,0,False,0.0,False,coarse
endpoint_reset,Mars,144.0,0.0,SPENDABLE,243.68194974154648,0.0,0.0,0,False,0.0,False,coarse
endpoint_reset,Mars,150.0,0.0,SPENDABLE,243.68194974154648,0.0,0.0,0,False,0.0,False,coarse
endpoint_reset,Mars,156.0,0.0,SPENDABLE,243.68194974154648,0.0,0.0,0,False,0.0,False,coarse
endpoint_reset,Mars,162.0,0.0,SPENDABLE,243.68194974154648,0.0,0.0,0,False,0.0,False,coarse
endpoint_reset,Mars,168.0,0.0,SPENDABLE,243.68194974154648,0.0,0.0,0,False,0.0,False,coarse
endpoint_reset,Mars,174.0,0.0,SPENDABLE,243.68194974154648,0.0,0.0,0,False,0.0,False,coarse
endpoint_reset,Mars,180.0,0.0,SPENDABLE,243.68194974154648,0.0,0.0,0,False,0.0,False,coarse
endpoint_reset,Mars,186.0,0.0,SPENDABLE,243.68194974154648,0.0,0.0,0,False,0.0,False,coarse
endpoint_reset,Mars,192.0,0.0,SPENDABLE,243.68194974154648,0.0,0.0,0,False,0.0,False,coarse
endpoint_reset,Mars,198.0,0.0,SPENDABLE,243.68194974154648,0.0,0.0,0,False,0.0,False,coarse
endpoint_reset,Mars,204.0,0.0,SPENDABLE,243.68194974154648,0.0,0.0,0,False,0.0,False,coarse
endpoint_reset,Mars,210.0,0.0,SPENDABLE,243.68194974154648,0.0,0.0,0,False,0.0,False,coarse
endpoint_reset,Mars,216.0,0.0,SPENDABLE,243.68194974154648,0.0,0.0,0,False,0.0,False,coarse
endpoint_reset,Mars,222.0,0.0,SPENDABLE,243.68194974154648,0.0,0.0,0,False,0.0,False,coarse
endpoint_reset,Mars,228.0,0.0,SPENDABLE,243.68194974154648,0.0,0.0,0,False,0.0,False,coarse
endpoint_reset,Mars,234.0,0.0,SPENDABLE,243.68194974154648,0.0,0.0,0,False,0.0,False,coarse
endpoint_reset,Mars,240.0,0.0,SPENDABLE,243.68194974154648,0.0,0.0,0,False,0.0,False,coarse
endpoint_reset,Mercury,24.0,0.0,SPENDABLE,243.68194974154648,0.0,0.0,0,False,0.0,True,coarse
endpoint_reset,Mercury,30.0,0.0,SPENDABLE,243.68194974154648,0.0,0.0,0,False,0.0,True,coarse
endpoint_reset,Mercury,36.0,0.0,SPENDABLE,243.68194974154648,0.0,0.0,0,False,0.0,True,coarse
endpoint_reset,Mercury,42.0,0.0,SPENDABLE,243.68194974154648,0.0,0.0,0,False,0.0,True,coarse
endpoint_reset,Mercury,48.0,0.0,SPENDABLE,243.68194974154648,0.0,0.0,0,False,0.0,True,coarse
endpoint_reset,Mercury,54.0,0.0,SPENDABLE,243.68194974154648,0.0,0.0,0,False,0.0,True,coarse
endpoint_reset,Mercury,60.0,0.0,SPENDABLE,243.68194974154648,0.0,0.0,0,False,0.0,True,coarse
endpoint_reset,Mercury,66.0,0.0,SPENDABLE,243.68194974154648,0.0,0.0,0,False,0.0,True,coarse
endpoint_reset,Mercury,72.0,0.0,SPENDABLE,243.68194974154648,0.0,0.0,0,False,0.0,True,coarse
endpoint_reset,Mercury,78.0,0.0,SPENDABLE,243.68194974154648,0.0,0.0,0,False,0.0,True,coarse
endpoint_reset,Mercury,84.0,0.0,SPENDABLE,243.68194974154648,0.0,0.0,0,False,0.0,True,coarse
endpoint_reset,Mercury,90.0,0.0,SPENDABLE,243.68194974154648,0.0,0.0,0,False,0.0,True,coarse
endpoint_reset,Mercury,96.0,0.0,SPENDABLE,243.68194974154648,0.0,0.0,0,False,0.0,True,coarse
endpoint_reset,Mercury,102.0,0.0,SPENDABLE,243.68194974154648,0.0,0.0,0,False,0.0,True,coarse
endpoint_reset,Mercury,108.0,0.0,SPENDABLE,243.68194974154648,0.0,0.0,0,False,0.0,True,coarse
endpoint_reset,Mercury,114.0,0.0,SPENDABLE,243.68194974154648,0.0,0.0,0,False,0.0,True,coarse
endpoint_reset,Mercury,120.0,0.0,SPENDABLE,243.68194974154648,0.0,0.0,0,False,0.0,True,coarse
endpoint_reset,Mercury,126.0,0.0,SPENDABLE,243.68194974154648,0.0,0.0,0,False,0.0,True,coarse
endpoint_reset,Mercury,132.0,0.0,SPENDABLE,243.68194974154648,0.0,0.0,0,False,0.0,True,coarse
endpoint_reset,Mercury,138.0,0.0,SPENDABLE,243.68194974154648,0.0,0.0,0,False,0.0,True,coarse
endpoint_reset,Mercury,144.0,0.0,SPENDABLE,243.68194974154648,0.0,0.0,0,False,0.0,True,coarse
endpoint_reset,Mercury,150.0,0.0,SPENDABLE,243.68194974154648,0.0,0.0,0,False,0.0,True,coarse
endpoint_reset,Mercury,156.0,0.0,SPENDABLE,243.68194974154648,0.0,0.0,0,False,0.0,True,coarse
endpoint_reset,Mercury,162.0,0.0,SPENDABLE,243.68194974154648,0.0,0.0,0,False,0.0,True,coarse
endpoint_reset,Mercury,168.0,0.0,SPENDABLE,243.68194974154648,0.0,0.0,0,False,0.0,True,coarse
endpoint_reset,Mercury,174.0,0.0,SPENDABLE,243.68194974154648,0.0,0.0,0,False,0.0,True,coarse
endpoint_reset,Mercury,180.0,0.0,SPENDABLE,243.68194974154648,0.0,0.0,0,False,0.0,True,coarse
endpoint_reset,Mercury,186.0,0.0,SPENDABLE,243.68194974154648,0.0,0.0,0,False,0.0,True,coarse
endpoint_reset,Mercury,192.0,0.0,SPENDABLE,243.68194974154648,0.0,0.0,0,False,0.0,True,coarse
endpoint_reset,Mercury,198.0,0.0,SPENDABLE,243.68194974154648,0.0,0.0,0,False,0.0,True,coarse
endpoint_reset,Mercury,204.0,0.0,SPENDABLE,243.68194974154648,0.0,0.0,0,False,0.0,True,coarse
endpoint_reset,Mercury,210.0,0.0,SPENDABLE,243.68194974154648,0.0,0.0,0,False,0.0,True,coarse
endpoint_reset,Mercury,216.0,0.0,SPENDABLE,243.68194974154648,0.0,0.0,0,False,0.0,True,coarse
endpoint_reset,Mercury,222.0,0.0,SPENDABLE,243.68194974154648,0.0,0.0,0,False,0.0,True,coarse
endpoint_reset,Mercury,228.0,0.0,SPENDABLE,243.68194974154648,0.0,0.0,0,False,0.0,True,coarse
endpoint_reset,Mercury,234.0,0.0,SPENDABLE,243.68194974154648,0.0,0.0,0,False,0.0,True,coarse
endpoint_reset,Mercury,240.0,0.0,SPENDABLE,243.68194974154648,0.0,0.0,0,False,0.0,True,coarse
endpoint_reset,Venus,24.0,0.0,SPENDABLE,243.68194974154648,0.0,0.0,0,False,0.0,True,coarse
endpoint_reset,Venus,30.0,0.0,SPENDABLE,243.68194974154648,0.0,0.0,0,False,0.0,True,coarse
endpoint_reset,Venus,36.0,0.0,SPENDABLE,243.68194974154648,0.0,0.0,0,False,0.0,True,coarse
endpoint_reset,Venus,42.0,0.0,SPENDABLE,243.68194974154648,0.0,0.0,0,False,0.0,True,coarse
endpoint_reset,Venus,48.0,0.0,SPENDABLE,243.68194974154648,0.0,0.0,0,False,0.0,True,coarse
endpoint_reset,Venus,54.0,0.0,SPENDABLE,243.68194974154648,0.0,0.0,0,False,0.0,True,coarse
endpoint_reset,Venus,60.0,0.0,SPENDABLE,243.68194974154648,0.0,0.0,0,False,0.0,True,coarse
endpoint_reset,Venus,66.0,0.0,SPENDABLE,243.68194974154648,0.0,0.0,0,False,0.0,True,coarse
endpoint_reset,Venus,72.0,0.0,SPENDABLE,243.68194974154648,0.0,0.0,0,False,0.0,True,coarse
endpoint_reset,Venus,78.0,0.0,SPENDABLE,243.68194974154648,0.0,0.0,0,False,0.0,True,coarse
endpoint_reset,Venus,84.0,0.0,SPENDABLE,243.68194974154648,0.0,0.0,0,False,0.0,True,coarse
endpoint_reset,Venus,90.0,0.0,SPENDABLE,243.68194974154648,0.0,0.0,0,False,0.0,True,coarse
endpoint_reset,Venus,96.0,0.0,SPENDABLE,243.68194974154648,0.0,0.0,0,False,0.0,True,coarse
endpoint_reset,Venus,102.0,0.0,SPENDABLE,243.68194974154648,0.0,0.0,0,False,0.0,True,coarse
endpoint_reset,Venus,108.0,0.0,SPENDABLE,243.68194974154648,0.0,0.0,0,False,0.0,True,coarse
endpoint_reset,Venus,114.0,0.0,SPENDABLE,243.68194974154648,0.0,0.0,0,False,0.0,True,coarse
endpoint_reset,Venus,120.0,0.0,SPENDABLE,243.68194974154648,0.0,0.0,0,False,0.0,True,coarse
endpoint_reset,Venus,126.0,0.0,SPENDABLE,243.68194974154648,0.0,0.0,0,False,0.0,True,coarse
endpoint_reset,Venus,132.0,0.0,SPENDABLE,243.68194974154648,0.0,0.0,0,False,0.0,True,coarse
endpoint_reset,Venus,138.0,0.0,SPENDABLE,243.68194974154648,0.0,0.0,0,False,0.0,True,coarse
endpoint_reset,Venus,144.0,0.0,SPENDABLE,243.68194974154648,0.0,0.0,0,False,0.0,True,coarse
endpoint_reset,Venus,150.0,0.0,SPENDABLE,243.68194974154648,0.0,0.0,0,False,0.0,True,coarse
endpoint_reset,Venus,156.0,0.0,SPENDABLE,243.68194974154648,0.0,0.0,0,False,0.0,True,coarse
endpoint_reset,Venus,162.0,0.0,SPENDABLE,243.68194974154648,0.0,0.0,0,False,0.0,True,coarse
endpoint_reset,Venus,168.0,0.0,SPENDABLE,243.68194974154648,0.0,0.0,0,False,0.0,True,coarse
endpoint_reset,Venus,174.0,0.0,SPENDABLE,243.68194974154648,0.0,0.0,0,False,0.0,True,coarse
endpoint_reset,Venus,180.0,0.0,SPENDABLE,243.68194974154648,0.0,0.0,0,False,0.0,True,coarse
endpoint_reset,Venus,186.0,0.0,SPENDABLE,243.68194974154648,0.0,0.0,0,False,0.0,True,coarse
endpoint_reset,Venus,192.0,0.0,SPENDABLE,243.68194974154648,0.0,0.0,0,False,0.0,True,coarse
endpoint_reset,Venus,198.0,0.0,SPENDABLE,243.68194974154648,0.0,0.0,0,False,0.0,True,coarse
endpoint_reset,Venus,204.0,0.0,SPENDABLE,243.68194974154648,0.0,0.0,0,False,0.0,True,coarse
endpoint_reset,Venus,210.0,0.0,SPENDABLE,243.68194974154648,0.0,0.0,0,False,0.0,True,coarse
endpoint_reset,Venus,216.0,0.0,SPENDABLE,243.68194974154648,0.0,0.0,0,False,0.0,True,coarse
endpoint_reset,Venus,222.0,0.0,SPENDABLE,243.68194974154648,0.0,0.0,0,False,0.0,True,coarse
endpoint_reset,Venus,228.0,0.0,SPENDABLE,243.68194974154648,0.0,0.0,0,False,0.0,True,coarse
endpoint_reset,Venus,234.0,0.0,SPENDABLE,243.68194974154648,0.0,0.0,0,False,0.0,True,coarse
endpoint_reset,Venus,240.0,0.0,SPENDABLE,243.68194974154648,0.0,0.0,0,False,0.0,True,coarse
forced_loss,Ceres,24.0,6.0,SPENDABLE,243.68194974154648,0.0,0.0,0,False,0.0,True,coarse
forced_loss,Ceres,30.0,6.0,SPENDABLE,243.68194974154648,0.0,0.0,0,False,0.0,True,coarse
forced_loss,Ceres,36.0,6.0,SPENDABLE,243.68194974154648,0.0,0.0,0,False,0.0,True,coarse
forced_loss,Ceres,42.0,6.0,SPENDABLE,243.68194974154648,0.0,0.0,0,False,0.0,True,coarse
forced_loss,Ceres,48.0,6.0,SPENDABLE,243.68194974154648,0.0,0.0,0,False,0.0,True,coarse
forced_loss,Ceres,54.0,6.0,SPENDABLE,243.68194974154648,0.0,0.0,0,False,0.0,True,coarse
forced_loss,Ceres,60.0,6.0,SPENDABLE,243.68194974154648,0.0,0.0,0,False,0.0,True,coarse
forced_loss,Ceres,66.0,6.0,SPENDABLE,243.68194974154648,0.0,0.0,0,False,0.0,True,coarse
forced_loss,Ceres,72.0,6.0,SPENDABLE,243.68194974154648,0.0,0.0,0,False,0.0,True,coarse
forced_loss,Ceres,78.0,6.0,SPENDABLE,243.68194974154648,0.0,0.0,0,False,0.0,True,coarse
forced_loss,Ceres,84.0,6.0,SPENDABLE,243.68194974154648,0.0,0.0,0,False,0.0,True,coarse
forced_loss,Ceres,90.0,6.0,SPENDABLE,243.68194974154648,0.0,0.0,0,False,0.0,True,coarse
forced_loss,Ceres,96.0,6.0,SPENDABLE,243.68194974154648,0.0,0.0,0,False,0.0,True,coarse
forced_loss,Ceres,102.0,6.0,SPENDABLE,243.68194974154648,0.0,0.0,0,False,0.0,True,coarse
forced_loss,Ceres,108.0,6.0,SPENDABLE,243.68194974154648,0.0,0.0,0,False,0.0,True,coarse
forced_loss,Ceres,114.0,6.0,SPENDABLE,243.68194974154648,0.0,0.0,0,False,0.0,True,coarse
forced_loss,Ceres,120.0,6.0,SPENDABLE,243.68194974154648,0.0,0.0,0,False,0.0,False,coarse
forced_loss,Ceres,126.0,6.0,SPENDABLE,243.68194974154648,0.0,0.0,0,False,0.0,True,coarse
forced_loss,Ceres,132.0,6.0,SPENDABLE,243.68194974154648,0.0,0.0,0,False,0.0,True,coarse
forced_loss,Ceres,138.0,6.0,SPENDABLE,243.68194974154648,0.0,0.0,0,False,0.0,True,coarse
forced_loss,Ceres,144.0,6.0,SPENDABLE,243.68194974154648,0.0,0.0,0,False,0.0,True,coarse
forced_loss,Ceres,150.0,6.0,SPENDABLE,243.68194974154648,0.0,0.0,0,False,0.0,True,coarse
forced_loss,Ceres,156.0,6.0,SPENDABLE,243.68194974154648,0.0,0.0,0,False,0.0,True,coarse
forced_loss,Ceres,162.0,6.0,SPENDABLE,243.68194974154648,0.0,0.0,0,False,0.0,True,coarse
forced_loss,Ceres,168.0,6.0,SPENDABLE,243.68194974154648,0.0,0.0,0,False,0.0,True,coarse
forced_loss,Ceres,174.0,6.0,SPENDABLE,243.68194974154648,0.0,0.0,0,False,0.0,True,coarse
forced_loss,Ceres,180.0,6.0,SPENDABLE,243.68194974154648,0.0,0.0,0,False,0.0,True,coarse
forced_loss,Ceres,186.0,6.0,SPENDABLE,243.68194974154648,0.0,0.0,0,False,0.0,True,coarse
forced_loss,Ceres,192.0,6.0,SPENDABLE,243.68194974154648,0.0,0.0,0,False,0.0,True,coarse
forced_loss,Ceres,198.0,6.0,SPENDABLE,243.68194974154648,0.0,0.0,0,False,0.0,True,coarse
forced_loss,Ceres,204.0,6.0,SPENDABLE,243.68194974154648,0.0,0.0,0,False,0.0,True,coarse
forced_loss,Ceres,210.0,6.0,SPENDABLE,243.68194974154648,0.0,0.0,0,False,0.0,True,coarse
forced_loss,Ceres,216.0,6.0,SPENDABLE,243.68194974154648,0.0,0.0,0,False,0.0,False,coarse
forced_loss,Ceres,222.0,6.0,SPENDABLE,243.68194974154648,0.0,0.0,0,False,0.0,True,coarse
forced_loss,Ceres,228.0,6.0,SPENDABLE,243.68194974154648,0.0,0.0,0,False,0.0,True,coarse
forced_loss,Ceres,234.0,6.0,SPENDABLE,243.68194974154648,0.0,0.0,0,False,0.0,True,coarse
forced_loss,Earth,24.0,6.0,SPENDABLE,243.68194974154648,0.0,0.0,0,False,0.0,True,coarse
forced_loss,Earth,30.0,6.0,SPENDABLE,243.68194974154648,0.0,0.0,0,False,0.0,True,coarse
forced_loss,Earth,36.0,6.0,SPENDABLE,243.68194974154648,0.0,0.0,0,False,0.0,True,coarse
forced_loss,Earth,42.0,6.0,SPENDABLE,243.68194974154648,0.0,0.0,0,False,0.0,True,coarse
forced_loss,Earth,48.0,6.0,SPENDABLE,243.68194974154648,0.0,0.0,0,False,0.0,True,coarse
forced_loss,Earth,54.0,6.0,SPENDABLE,243.68194974154648,0.0,0.0,0,False,0.0,True,coarse
forced_loss,Earth,60.0,6.0,SPENDABLE,243.68194974154648,0.0,0.0,0,False,0.0,True,coarse
forced_loss,Earth,66.0,6.0,SPENDABLE,243.68194974154648,0.0,0.0,0,False,0.0,True,coarse
forced_loss,Earth,72.0,6.0,SPENDABLE,243.68194974154648,0.0,0.0,0,False,0.0,True,coarse
forced_loss,Earth,78.0,6.0,SPENDABLE,243.68194974154648,0.0,0.0,0,False,0.0,True,coarse
forced_loss,Earth,84.0,6.0,SPENDABLE,243.68194974154648,0.0,0.0,0,False,0.0,True,coarse
forced_loss,Earth,90.0,6.0,SPENDABLE,243.68194974154648,0.0,0.0,0,False,0.0,True,coarse
forced_loss,Earth,96.0,6.0,SPENDABLE,243.68194974154648,0.0,0.0,0,False,0.0,True,coarse
forced_loss,Earth,102.0,6.0,SPENDABLE,243.68194974154648,0.0,0.0,0,False,0.0,True,coarse
forced_loss,Earth,108.0,6.0,SPENDABLE,243.68194974154648,0.0,0.0,0,False,0.0,True,coarse
forced_loss,Earth,114.0,6.0,SPENDABLE,243.68194974154648,0.0,0.0,0,False,0.0,True,coarse
forced_loss,Earth,120.0,6.0,SPENDABLE,243.68194974154648,0.0,0.0,0,False,0.0,False,coarse
forced_loss,Earth,126.0,6.0,SPENDABLE,243.68194974154648,0.0,0.0,0,False,0.0,True,coarse
forced_loss,Earth,132.0,6.0,SPENDABLE,243.68194974154648,0.0,0.0,0,False,0.0,True,coarse
forced_loss,Earth,138.0,6.0,SPENDABLE,243.68194974154648,0.0,0.0,0,False,0.0,True,coarse
forced_loss,Earth,144.0,6.0,SPENDABLE,243.68194974154648,0.0,0.0,0,False,0.0,True,coarse
forced_loss,Earth,150.0,6.0,SPENDABLE,243.68194974154648,0.0,0.0,0,False,0.0,True,coarse
forced_loss,Earth,156.0,6.0,SPENDABLE,243.68194974154648,0.0,0.0,0,False,0.0,True,coarse
forced_loss,Earth,162.0,6.0,SPENDABLE,243.68194974154648,0.0,0.0,0,False,0.0,True,coarse
forced_loss,Earth,168.0,6.0,SPENDABLE,243.68194974154648,0.0,0.0,0,False,0.0,True,coarse
forced_loss,Earth,174.0,6.0,SPENDABLE,243.68194974154648,0.0,0.0,0,False,0.0,True,coarse
forced_loss,Earth,180.0,6.0,SPENDABLE,243.68194974154648,0.0,0.0,0,False,0.0,True,coarse
forced_loss,Earth,186.0,6.0,SPENDABLE,243.68194974154648,0.0,0.0,0,False,0.0,True,coarse
forced_loss,Earth,192.0,6.0,SPENDABLE,243.68194974154648,0.0,0.0,0,False,0.0,True,coarse
forced_loss,Earth,198.0,6.0,SPENDABLE,243.68194974154648,0.0,0.0,0,False,0.0,True,coarse
forced_loss,Earth,204.0,6.0,SPENDABLE,243.68194974154648,0.0,0.0,0,False,0.0,True,coarse
forced_loss,Earth,210.0,6.0,SPENDABLE,243.68194974154648,0.0,0.0,0,False,0.0,True,coarse
forced_loss,Earth,216.0,6.0,SPENDABLE,243.68194974154648,0.0,0.0,0,False,0.0,False,coarse
forced_loss,Earth,222.0,6.0,SPENDABLE,243.68194974154648,0.0,0.0,0,False,0.0,True,coarse
forced_loss,Earth,228.0,6.0,SPENDABLE,243.68194974154648,0.0,0.0,0,False,0.0,True,coarse
forced_loss,Earth,234.0,6.0,SPENDABLE,243.68194974154648,0.0,0.0,0,False,0.0,True,coarse
forced_loss,Jupiter,24.0,6.0,SPENDABLE,243.68194974154648,0.0,0.0,0,False,0.0,True,coarse
forced_loss,Jupiter,30.0,6.0,SPENDABLE,243.68194974154648,0.0,0.0,0,False,0.0,True,coarse
forced_loss,Jupiter,36.0,6.0,SPENDABLE,243.68194974154648,0.0,0.0,0,False,0.0,True,coarse
forced_loss,Jupiter,42.0,6.0,SPENDABLE,243.68194974154648,0.0,0.0,0,False,0.0,True,coarse
forced_loss,Jupiter,48.0,6.0,SPENDABLE,243.68194974154648,0.0,0.0,0,False,0.0,True,coarse
forced_loss,Jupiter,54.0,6.0,SPENDABLE,243.68194974154648,0.0,0.0,0,False,0.0,True,coarse
forced_loss,Jupiter,60.0,6.0,SPENDABLE,243.68194974154648,0.0,0.0,0,False,0.0,True,coarse
forced_loss,Jupiter,66.0,6.0,SPENDABLE,243.68194974154648,0.0,0.0,0,False,0.0,True,coarse
forced_loss,Jupiter,72.0,6.0,SPENDABLE,243.68194974154648,0.0,0.0,0,False,0.0,True,coarse
forced_loss,Jupiter,78.0,6.0,SPENDABLE,243.68194974154648,0.0,0.0,0,False,0.0,True,coarse
forced_loss,Jupiter,84.0,6.0,SPENDABLE,243.68194974154648,0.0,0.0,0,False,0.0,True,coarse
forced_loss,Jupiter,90.0,6.0,SPENDABLE,243.68194974154648,0.0,0.0,0,False,0.0,True,coarse
forced_loss,Jupiter,96.0,6.0,SPENDABLE,243.68194974154648,0.0,0.0,0,False,0.0,True,coarse
forced_loss,Jupiter,102.0,6.0,SPENDABLE,243.68194974154648,0.0,0.0,0,False,0.0,True,coarse
forced_loss,Jupiter,108.0,6.0,SPENDABLE,243.68194974154648,0.0,0.0,0,False,0.0,True,coarse
forced_loss,Jupiter,114.0,6.0,SPENDABLE,243.68194974154648,0.0,0.0,0,False,0.0,True,coarse
forced_loss,Jupiter,120.0,6.0,SPENDABLE,243.68194974154648,0.0,0.0,0,False,0.0,False,coarse
forced_loss,Jupiter,126.0,6.0,SPENDABLE,243.68194974154648,0.0,0.0,0,False,0.0,True,coarse
forced_loss,Jupiter,132.0,6.0,SPENDABLE,243.68194974154648,0.0,0.0,0,False,0.0,True,coarse
forced_loss,Jupiter,138.0,6.0,SPENDABLE,243.68194974154648,0.0,0.0,0,False,0.0,True,coarse
forced_loss,Jupiter,144.0,6.0,SPENDABLE,243.68194974154648,0.0,0.0,0,False,0.0,True,coarse
forced_loss,Jupiter,150.0,6.0,SPENDABLE,243.68194974154648,0.0,0.0,0,False,0.0,True,coarse
forced_loss,Jupiter,156.0,6.0,SPENDABLE,243.68194974154648,0.0,0.0,0,False,0.0,True,coarse
forced_loss,Jupiter,162.0,6.0,SPENDABLE,243.68194974154648,0.0,0.0,0,False,0.0,True,coarse
forced_loss,Jupiter,168.0,6.0,SPENDABLE,243.68194974154648,0.0,0.0,0,False,0.0,True,coarse
forced_loss,Jupiter,174.0,6.0,SPENDABLE,243.68194974154648,0.0,0.0,0,False,0.0,True,coarse
forced_loss,Jupiter,180.0,6.0,SPENDABLE,243.68194974154648,0.0,0.0,0,False,0.0,True,coarse
forced_loss,Jupiter,186.0,6.0,SPENDABLE,243.68194974154648,0.0,0.0,0,False,0.0,True,coarse
forced_loss,Jupiter,192.0,6.0,SPENDABLE,243.68194974154648,0.0,0.0,0,False,0.0,True,coarse
forced_loss,Jupiter,198.0,6.0,SPENDABLE,243.68194974154648,0.0,0.0,0,False,0.0,True,coarse
forced_loss,Jupiter,204.0,6.0,SPENDABLE,243.68194974154648,0.0,0.0,0,False,0.0,True,coarse
forced_loss,Jupiter,210.0,6.0,SPENDABLE,243.68194974154648,0.0,0.0,0,False,0.0,True,coarse
forced_loss,Jupiter,216.0,6.0,SPENDABLE,243.68194974154648,0.0,0.0,0,False,0.0,False,coarse
forced_loss,Jupiter,222.0,6.0,SPENDABLE,243.68194974154648,0.0,0.0,0,False,0.0,True,coarse
forced_loss,Jupiter,228.0,6.0,SPENDABLE,243.68194974154648,0.0,0.0,0,False,0.0,True,coarse
forced_loss,Jupiter,234.0,6.0,SPENDABLE,243.68194974154648,0.0,0.0,0,False,0.0,True,coarse
forced_loss,Jupiter,240.0,6.0,SPENDABLE,243.68194974154648,0.0,0.0,0,False,0.0,False,coarse
forced_loss,Mars,24.0,6.0,SPENDABLE,243.68194974154648,0.0,0.0,0,False,0.0,True,coarse
forced_loss,Mars,30.0,6.0,SPENDABLE,243.68194974154648,0.0,0.0,0,False,0.0,True,coarse
forced_loss,Mars,36.0,6.0,SPENDABLE,243.68194974154648,0.0,0.0,0,False,0.0,True,coarse
forced_loss,Mars,42.0,6.0,SPENDABLE,243.68194974154648,0.0,0.0,0,False,0.0,True,coarse
forced_loss,Mars,48.0,6.0,SPENDABLE,243.68194974154648,0.0,0.0,0,False,0.0,True,coarse
forced_loss,Mars,54.0,6.0,SPENDABLE,243.68194974154648,0.0,0.0,0,False,0.0,True,coarse
forced_loss,Mars,60.0,6.0,SPENDABLE,243.68194974154648,0.0,0.0,0,False,0.0,True,coarse
forced_loss,Mars,66.0,6.0,SPENDABLE,243.68194974154648,0.0,0.0,0,False,0.0,True,coarse
forced_loss,Mars,72.0,6.0,SPENDABLE,243.68194974154648,0.0,0.0,0,False,0.0,True,coarse
forced_loss,Mars,78.0,6.0,SPENDABLE,243.68194974154648,0.0,0.0,0,False,0.0,True,coarse
forced_loss,Mars,84.0,6.0,SPENDABLE,243.68194974154648,0.0,0.0,0,False,0.0,True,coarse
forced_loss,Mars,90.0,6.0,SPENDABLE,243.68194974154648,0.0,0.0,0,False,0.0,True,coarse
forced_loss,Mars,96.0,6.0,SPENDABLE,243.68194974154648,0.0,0.0,0,False,0.0,True,coarse
forced_loss,Mars,102.0,6.0,SPENDABLE,243.68194974154648,0.0,0.0,0,False,0.0,True,coarse
forced_loss,Mars,108.0,6.0,SPENDABLE,243.68194974154648,0.0,0.0,0,False,0.0,True,coarse
forced_loss,Mars,114.0,6.0,SPENDABLE,243.68194974154648,0.0,0.0,0,False,0.0,True,coarse
forced_loss,Mars,120.0,6.0,SPENDABLE,243.68194974154648,0.0,0.0,0,False,0.0,False,coarse
forced_loss,Mars,126.0,6.0,SPENDABLE,243.68194974154648,0.0,0.0,0,False,0.0,True,coarse
forced_loss,Mars,132.0,6.0,SPENDABLE,243.68194974154648,0.0,0.0,0,False,0.0,True,coarse
forced_loss,Mars,138.0,6.0,SPENDABLE,243.68194974154648,0.0,0.0,0,False,0.0,True,coarse
forced_loss,Mars,144.0,6.0,SPENDABLE,243.68194974154648,0.0,0.0,0,False,0.0,True,coarse
forced_loss,Mars,150.0,6.0,SPENDABLE,243.68194974154648,0.0,0.0,0,False,0.0,True,coarse
forced_loss,Mars,156.0,6.0,SPENDABLE,243.68194974154648,0.0,0.0,0,False,0.0,True,coarse
forced_loss,Mars,162.0,6.0,SPENDABLE,243.68194974154648,0.0,0.0,0,False,0.0,True,coarse
forced_loss,Mars,168.0,6.0,SPENDABLE,243.68194974154648,0.0,0.0,0,False,0.0,True,coarse
forced_loss,Mars,174.0,6.0,SPENDABLE,243.68194974154648,0.0,0.0,0,False,0.0,True,coarse
forced_loss,Mars,180.0,6.0,SPENDABLE,243.68194974154648,0.0,0.0,0,False,0.0,True,coarse
forced_loss,Mars,186.0,6.0,SPENDABLE,243.68194974154648,0.0,0.0,0,False,0.0,True,coarse
forced_loss,Mars,192.0,6.0,SPENDABLE,243.68194974154648,0.0,0.0,0,False,0.0,True,coarse
forced_loss,Mars,198.0,6.0,SPENDABLE,243.68194974154648,0.0,0.0,0,False,0.0,True,coarse
forced_loss,Mars,204.0,6.0,SPENDABLE,243.68194974154648,0.0,0.0,0,False,0.0,True,coarse
forced_loss,Mars,210.0,6.0,SPENDABLE,243.68194974154648,0.0,0.0,0,False,0.0,True,coarse
forced_loss,Mars,216.0,6.0,SPENDABLE,243.68194974154648,0.0,0.0,0,False,0.0,False,coarse
forced_loss,Mars,222.0,6.0,SPENDABLE,243.68194974154648,0.0,0.0,0,False,0.0,True,coarse
forced_loss,Mars,228.0,6.0,SPENDABLE,243.68194974154648,0.0,0.0,0,False,0.0,True,coarse
forced_loss,Mars,234.0,6.0,SPENDABLE,243.68194974154648,0.0,0.0,0,False,0.0,True,coarse
forced_loss,Mercury,24.0,6.0,SPENDABLE,243.68194974154648,0.0,0.0,0,False,0.0,True,coarse
forced_loss,Mercury,30.0,6.0,SPENDABLE,243.68194974154648,0.0,0.0,0,False,0.0,True,coarse
forced_loss,Mercury,36.0,6.0,SPENDABLE,243.68194974154648,0.0,0.0,0,False,0.0,True,coarse
forced_loss,Mercury,42.0,6.0,SPENDABLE,243.68194974154648,0.0,0.0,0,False,0.0,True,coarse
forced_loss,Mercury,48.0,6.0,SPENDABLE,243.68194974154648,0.0,0.0,0,False,0.0,True,coarse
forced_loss,Mercury,54.0,6.0,SPENDABLE,243.68194974154648,0.0,0.0,0,False,0.0,True,coarse
forced_loss,Mercury,60.0,6.0,SPENDABLE,243.68194974154648,0.0,0.0,0,False,0.0,True,coarse
forced_loss,Mercury,66.0,6.0,SPENDABLE,243.68194974154648,0.0,0.0,0,False,0.0,True,coarse
forced_loss,Mercury,72.0,6.0,SPENDABLE,243.68194974154648,0.0,0.0,0,False,0.0,True,coarse
forced_loss,Mercury,78.0,6.0,SPENDABLE,243.68194974154648,0.0,0.0,0,False,0.0,True,coarse
forced_loss,Mercury,84.0,6.0,SPENDABLE,243.68194974154648,0.0,0.0,0,False,0.0,True,coarse
forced_loss,Mercury,90.0,6.0,SPENDABLE,243.68194974154648,0.0,0.0,0,False,0.0,True,coarse
forced_loss,Mercury,96.0,6.0,SPENDABLE,243.68194974154648,0.0,0.0,0,False,0.0,True,coarse
forced_loss,Mercury,102.0,6.0,SPENDABLE,243.68194974154648,0.0,0.0,0,False,0.0,True,coarse
forced_loss,Mercury,108.0,6.0,SPENDABLE,243.68194974154648,0.0,0.0,0,False,0.0,True,coarse
forced_loss,Mercury,114.0,6.0,SPENDABLE,243.68194974154648,0.0,0.0,0,False,0.0,True,coarse
forced_loss,Mercury,120.0,6.0,SPENDABLE,243.68194974154648,0.0,0.0,0,False,0.0,False,coarse
forced_loss,Mercury,126.0,6.0,SPENDABLE,243.68194974154648,0.0,0.0,0,False,0.0,True,coarse
forced_loss,Mercury,132.0,6.0,SPENDABLE,243.68194974154648,0.0,0.0,0,False,0.0,True,coarse
forced_loss,Mercury,138.0,6.0,SPENDABLE,243.68194974154648,0.0,0.0,0,False,0.0,True,coarse
forced_loss,Mercury,144.0,6.0,SPENDABLE,243.68194974154648,0.0,0.0,0,False,0.0,True,coarse
forced_loss,Mercury,150.0,6.0,SPENDABLE,243.68194974154648,0.0,0.0,0,False,0.0,True,coarse
forced_loss,Mercury,156.0,6.0,SPENDABLE,243.68194974154648,0.0,0.0,0,False,0.0,True,coarse
forced_loss,Mercury,162.0,6.0,SPENDABLE,243.68194974154648,0.0,0.0,0,False,0.0,True,coarse
forced_loss,Mercury,168.0,6.0,SPENDABLE,243.68194974154648,0.0,0.0,0,False,0.0,True,coarse
forced_loss,Mercury,174.0,6.0,SPENDABLE,243.68194974154648,0.0,0.0,0,False,0.0,True,coarse
forced_loss,Mercury,180.0,6.0,SPENDABLE,243.68194974154648,0.0,0.0,0,False,0.0,True,coarse
forced_loss,Mercury,186.0,6.0,SPENDABLE,243.68194974154648,0.0,0.0,0,False,0.0,True,coarse
forced_loss,Mercury,192.0,6.0,SPENDABLE,243.68194974154648,0.0,0.0,0,False,0.0,True,coarse
forced_loss,Mercury,198.0,6.0,SPENDABLE,243.68194974154648,0.0,0.0,0,False,0.0,True,coarse
forced_loss,Mercury,204.0,6.0,SPENDABLE,243.68194974154648,0.0,0.0,0,False,0.0,True,coarse
forced_loss,Mercury,210.0,6.0,SPENDABLE,243.68194974154648,0.0,0.0,0,False,0.0,True,coarse
forced_loss,Mercury,216.0,6.0,SPENDABLE,243.68194974154648,0.0,0.0,0,False,0.0,False,coarse
forced_loss,Mercury,222.0,6.0,SPENDABLE,243.68194974154648,0.0,0.0,0,False,0.0,True,coarse
forced_loss,Mercury,228.0,6.0,SPENDABLE,243.68194974154648,0.0,0.0,0,False,0.0,True,coarse
forced_loss,Mercury,234.0,6.0,SPENDABLE,243.68194974154648,0.0,0.0,0,False,0.0,True,coarse
forced_loss,Mercury,240.0,6.0,SPENDABLE,243.68194974154648,0.0,0.0,0,False,0.0,False,coarse
forced_loss,Neptune,24.0,6.0,SPENDABLE,243.68194974154648,0.0,0.0,0,False,0.0,True,coarse
forced_loss,Neptune,30.0,6.0,SPENDABLE,243.68194974154648,0.0,0.0,0,False,0.0,True,coarse
forced_loss,Neptune,36.0,6.0,SPENDABLE,243.68194974154648,0.0,0.0,0,False,0.0,True,coarse
forced_loss,Neptune,42.0,6.0,SPENDABLE,243.68194974154648,0.0,0.0,0,False,0.0,True,coarse
forced_loss,Neptune,48.0,6.0,SPENDABLE,243.68194974154648,0.0,0.0,0,False,0.0,True,coarse
forced_loss,Neptune,54.0,6.0,SPENDABLE,243.68194974154648,0.0,0.0,0,False,0.0,True,coarse
forced_loss,Neptune,60.0,6.0,SPENDABLE,243.68194974154648,0.0,0.0,0,False,0.0,True,coarse
forced_loss,Neptune,66.0,6.0,SPENDABLE,243.68194974154648,0.0,0.0,0,False,0.0,True,coarse
forced_loss,Neptune,72.0,6.0,SPENDABLE,243.68194974154648,0.0,0.0,0,False,0.0,True,coarse
forced_loss,Neptune,78.0,6.0,SPENDABLE,243.68194974154648,0.0,0.0,0,False,0.0,True,coarse
forced_loss,Neptune,84.0,6.0,SPENDABLE,243.68194974154648,0.0,0.0,0,False,0.0,True,coarse
forced_loss,Neptune,90.0,6.0,SPENDABLE,243.68194974154648,0.0,0.0,0,False,0.0,True,coarse
forced_loss,Neptune,96.0,6.0,SPENDABLE,243.68194974154648,0.0,0.0,0,False,0.0,True,coarse
forced_loss,Neptune,102.0,6.0,SPENDABLE,243.68194974154648,0.0,0.0,0,False,0.0,True,coarse
forced_loss,Neptune,108.0,6.0,SPENDABLE,243.68194974154648,0.0,0.0,0,False,0.0,True,coarse
forced_loss,Neptune,114.0,6.0,SPENDABLE,243.68194974154648,0.0,0.0,0,False,0.0,True,coarse
forced_loss,Neptune,120.0,6.0,SPENDABLE,243.68194974154648,0.0,0.0,0,False,0.0,False,coarse
forced_loss,Neptune,126.0,6.0,SPENDABLE,243.68194974154648,0.0,0.0,0,False,0.0,True,coarse
forced_loss,Neptune,132.0,6.0,SPENDABLE,243.68194974154648,0.0,0.0,0,False,0.0,True,coarse
forced_loss,Neptune,138.0,6.0,SPENDABLE,243.68194974154648,0.0,0.0,0,False,0.0,True,coarse
forced_loss,Neptune,144.0,6.0,SPENDABLE,243.68194974154648,0.0,0.0,0,False,0.0,True,coarse
forced_loss,Neptune,150.0,6.0,SPENDABLE,243.68194974154648,0.0,0.0,0,False,0.0,True,coarse
forced_loss,Neptune,156.0,6.0,SPENDABLE,243.68194974154648,0.0,0.0,0,False,0.0,True,coarse
forced_loss,Neptune,162.0,6.0,SPENDABLE,243.68194974154648,0.0,0.0,0,False,0.0,True,coarse
forced_loss,Neptune,168.0,6.0,SPENDABLE,243.68194974154648,0.0,0.0,0,False,0.0,True,coarse
forced_loss,Neptune,174.0,6.0,SPENDABLE,243.68194974154648,0.0,0.0,0,False,0.0,True,coarse
forced_loss,Neptune,180.0,6.0,SPENDABLE,243.68194974154648,0.0,0.0,0,False,0.0,True,coarse
forced_loss,Neptune,186.0,6.0,SPENDABLE,243.68194974154648,0.0,0.0,0,False,0.0,True,coarse
forced_loss,Neptune,192.0,6.0,SPENDABLE,243.68194974154648,0.0,0.0,0,False,0.0,True,coarse
forced_loss,Neptune,198.0,6.0,SPENDABLE,243.68194974154648,0.0,0.0,0,False,0.0,True,coarse
forced_loss,Neptune,204.0,6.0,SPENDABLE,243.68194974154648,0.0,0.0,0,False,0.0,True,coarse
forced_loss,Neptune,210.0,6.0,SPENDABLE,243.68194974154648,0.0,0.0,0,False,0.0,True,coarse
forced_loss,Neptune,216.0,6.0,SPENDABLE,243.68194974154648,0.0,0.0,0,False,0.0,False,coarse
forced_loss,Neptune,222.0,6.0,SPENDABLE,243.68194974154648,0.0,0.0,0,False,0.0,True,coarse
forced_loss,Neptune,228.0,6.0,SPENDABLE,243.68194974154648,0.0,0.0,0,False,0.0,True,coarse
forced_loss,Neptune,234.0,6.0,SPENDABLE,243.68194974154648,0.0,0.0,0,False,0.0,True,coarse
forced_loss,Neptune,240.0,6.0,SPENDABLE,243.68194974154648,0.0,0.0,0,False,0.0,False,coarse
forced_loss,Relay A,24.0,6.0,SPENDABLE,243.68194974154648,0.0,0.0,0,False,0.0,True,coarse
forced_loss,Relay A,30.0,6.0,SPENDABLE,243.68194974154648,0.0,0.0,0,False,0.0,True,coarse
forced_loss,Relay A,36.0,6.0,SPENDABLE,243.68194974154648,0.0,0.0,0,False,0.0,True,coarse
forced_loss,Relay A,42.0,6.0,SPENDABLE,243.68194974154648,0.0,0.0,0,False,0.0,True,coarse
forced_loss,Relay A,48.0,6.0,SPENDABLE,243.68194974154648,0.0,0.0,0,False,0.0,True,coarse
forced_loss,Relay A,54.0,6.0,SPENDABLE,243.68194974154648,0.0,0.0,0,False,0.0,True,coarse
forced_loss,Relay A,60.0,6.0,SPENDABLE,243.68194974154648,0.0,0.0,0,False,0.0,True,coarse
forced_loss,Relay A,66.0,6.0,SPENDABLE,243.68194974154648,0.0,0.0,0,False,0.0,True,coarse
forced_loss,Relay A,72.0,6.0,SPENDABLE,243.68194974154648,0.0,0.0,0,False,0.0,True,coarse
forced_loss,Relay A,78.0,6.0,SPENDABLE,243.68194974154648,0.0,0.0,0,False,0.0,True,coarse
forced_loss,Relay A,84.0,6.0,SPENDABLE,243.68194974154648,0.0,0.0,0,False,0.0,True,coarse
forced_loss,Relay A,90.0,6.0,SPENDABLE,243.68194974154648,0.0,0.0,0,False,0.0,True,coarse
forced_loss,Relay A,96.0,6.0,SPENDABLE,243.68194974154648,0.0,0.0,0,False,0.0,True,coarse
forced_loss,Relay A,102.0,6.0,SPENDABLE,243.68194974154648,0.0,0.0,0,False,0.0,True,coarse
forced_loss,Relay A,108.0,6.0,SPENDABLE,243.68194974154648,0.0,0.0,0,False,0.0,True,coarse
forced_loss,Relay A,114.0,6.0,SPENDABLE,243.68194974154648,0.0,0.0,0,False,0.0,True,coarse
forced_loss,Relay A,120.0,6.0,SPENDABLE,243.68194974154648,0.0,0.0,0,False,0.0,False,coarse
forced_loss,Relay A,126.0,6.0,SPENDABLE,243.68194974154648,0.0,0.0,0,False,0.0,True,coarse
forced_loss,Relay A,132.0,6.0,SPENDABLE,243.68194974154648,0.0,0.0,0,False,0.0,True,coarse
forced_loss,Relay A,138.0,6.0,SPENDABLE,243.68194974154648,0.0,0.0,0,False,0.0,True,coarse
forced_loss,Relay A,144.0,6.0,SPENDABLE,243.68194974154648,0.0,0.0,0,False,0.0,True,coarse
forced_loss,Relay A,150.0,6.0,SPENDABLE,243.68194974154648,0.0,0.0,0,False,0.0,True,coarse
forced_loss,Relay A,156.0,6.0,SPENDABLE,243.68194974154648,0.0,0.0,0,False,0.0,True,coarse
forced_loss,Relay A,162.0,6.0,SPENDABLE,243.68194974154648,0.0,0.0,0,False,0.0,True,coarse
forced_loss,Relay A,168.0,6.0,SPENDABLE,243.68194974154648,0.0,0.0,0,False,0.0,True,coarse
forced_loss,Relay A,174.0,6.0,SPENDABLE,243.68194974154648,0.0,0.0,0,False,0.0,True,coarse
forced_loss,Relay A,180.0,6.0,SPENDABLE,243.68194974154648,0.0,0.0,0,False,0.0,True,coarse
forced_loss,Relay A,186.0,6.0,SPENDABLE,243.68194974154648,0.0,0.0,0,False,0.0,True,coarse
forced_loss,Relay A,192.0,6.0,SPENDABLE,243.68194974154648,0.0,0.0,0,False,0.0,True,coarse
forced_loss,Relay A,198.0,6.0,SPENDABLE,243.68194974154648,0.0,0.0,0,False,0.0,True,coarse
forced_loss,Relay A,204.0,6.0,SPENDABLE,243.68194974154648,0.0,0.0,0,False,0.0,True,coarse
forced_loss,Relay A,210.0,6.0,SPENDABLE,243.68194974154648,0.0,0.0,0,False,0.0,True,coarse
forced_loss,Relay A,216.0,6.0,SPENDABLE,243.68194974154648,0.0,0.0,0,False,0.0,False,coarse
forced_loss,Relay A,222.0,6.0,SPENDABLE,243.68194974154648,0.0,0.0,0,False,0.0,True,coarse
forced_loss,Relay A,228.0,6.0,SPENDABLE,243.68194974154648,0.0,0.0,0,False,0.0,True,coarse
forced_loss,Relay A,234.0,6.0,SPENDABLE,243.68194974154648,0.0,0.0,0,False,0.0,True,coarse
forced_loss,Relay B,24.0,6.0,SPENDABLE,243.68194974154648,0.0,0.0,0,False,0.0,True,coarse
forced_loss,Relay B,30.0,6.0,SPENDABLE,243.68194974154648,0.0,0.0,0,False,0.0,True,coarse
forced_loss,Relay B,36.0,6.0,SPENDABLE,243.68194974154648,0.0,0.0,0,False,0.0,True,coarse
forced_loss,Relay B,42.0,6.0,SPENDABLE,243.68194974154648,0.0,0.0,0,False,0.0,True,coarse
forced_loss,Relay B,48.0,6.0,SPENDABLE,243.68194974154648,0.0,0.0,0,False,0.0,True,coarse
forced_loss,Relay B,54.0,6.0,SPENDABLE,243.68194974154648,0.0,0.0,0,False,0.0,True,coarse
forced_loss,Relay B,60.0,6.0,SPENDABLE,243.68194974154648,0.0,0.0,0,False,0.0,True,coarse
forced_loss,Relay B,66.0,6.0,SPENDABLE,243.68194974154648,0.0,0.0,0,False,0.0,True,coarse
forced_loss,Relay B,72.0,6.0,SPENDABLE,243.68194974154648,0.0,0.0,0,False,0.0,True,coarse
forced_loss,Relay B,78.0,6.0,SPENDABLE,243.68194974154648,0.0,0.0,0,False,0.0,True,coarse
forced_loss,Relay B,84.0,6.0,SPENDABLE,243.68194974154648,0.0,0.0,0,False,0.0,True,coarse
forced_loss,Relay B,90.0,6.0,SPENDABLE,243.68194974154648,0.0,0.0,0,False,0.0,True,coarse
forced_loss,Relay B,96.0,6.0,SPENDABLE,243.68194974154648,0.0,0.0,0,False,0.0,True,coarse
forced_loss,Relay B,102.0,6.0,SPENDABLE,243.68194974154648,0.0,0.0,0,False,0.0,True,coarse
forced_loss,Relay B,108.0,6.0,SPENDABLE,243.68194974154648,0.0,0.0,0,False,0.0,True,coarse
forced_loss,Relay B,114.0,6.0,SPENDABLE,243.68194974154648,0.0,0.0,0,False,0.0,True,coarse
forced_loss,Relay B,120.0,6.0,SPENDABLE,243.68194974154648,0.0,0.0,0,False,0.0,False,coarse
forced_loss,Relay B,126.0,6.0,SPENDABLE,243.68194974154648,0.0,0.0,0,False,0.0,True,coarse
forced_loss,Relay B,132.0,6.0,SPENDABLE,243.68194974154648,0.0,0.0,0,False,0.0,True,coarse
forced_loss,Relay B,138.0,6.0,SPENDABLE,243.68194974154648,0.0,0.0,0,False,0.0,True,coarse
forced_loss,Relay B,144.0,6.0,SPENDABLE,243.68194974154648,0.0,0.0,0,False,0.0,True,coarse
forced_loss,Relay B,150.0,6.0,SPENDABLE,243.68194974154648,0.0,0.0,0,False,0.0,True,coarse
forced_loss,Relay B,156.0,6.0,SPENDABLE,243.68194974154648,0.0,0.0,0,False,0.0,True,coarse
forced_loss,Relay B,162.0,6.0,SPENDABLE,243.68194974154648,0.0,0.0,0,False,0.0,True,coarse
forced_loss,Relay B,168.0,6.0,SPENDABLE,243.68194974154648,0.0,0.0,0,False,0.0,True,coarse
forced_loss,Relay B,174.0,6.0,SPENDABLE,243.68194974154648,0.0,0.0,0,False,0.0,True,coarse
forced_loss,Relay B,180.0,6.0,SPENDABLE,243.68194974154648,0.0,0.0,0,False,0.0,True,coarse
forced_loss,Relay B,186.0,6.0,SPENDABLE,243.68194974154648,0.0,0.0,0,False,0.0,True,coarse
forced_loss,Relay B,192.0,6.0,SPENDABLE,243.68194974154648,0.0,0.0,0,False,0.0,True,coarse
forced_loss,Relay B,198.0,6.0,SPENDABLE,243.68194974154648,0.0,0.0,0,False,0.0,True,coarse
forced_loss,Relay B,204.0,6.0,SPENDABLE,243.68194974154648,0.0,0.0,0,False,0.0,True,coarse
forced_loss,Relay B,210.0,6.0,SPENDABLE,243.68194974154648,0.0,0.0,0,False,0.0,True,coarse
forced_loss,Relay B,216.0,6.0,SPENDABLE,243.68194974154648,0.0,0.0,0,False,0.0,False,coarse
forced_loss,Relay B,222.0,6.0,SPENDABLE,243.68194974154648,0.0,0.0,0,False,0.0,True,coarse
forced_loss,Relay B,228.0,6.0,SPENDABLE,243.68194974154648,0.0,0.0,0,False,0.0,True,coarse
forced_loss,Relay B,234.0,6.0,SPENDABLE,243.68194974154648,0.0,0.0,0,False,0.0,True,coarse
forced_loss,Relay B,240.0,6.0,SPENDABLE,243.68194974154648,0.0,0.0,0,False,0.0,False,coarse
forced_loss,Saturn,24.0,6.0,SPENDABLE,243.68194974154648,0.0,0.0,0,False,0.0,True,coarse
forced_loss,Saturn,30.0,6.0,SPENDABLE,243.68194974154648,0.0,0.0,0,False,0.0,True,coarse
forced_loss,Saturn,36.0,6.0,SPENDABLE,243.68194974154648,0.0,0.0,0,False,0.0,True,coarse
forced_loss,Saturn,42.0,6.0,SPENDABLE,243.68194974154648,0.0,0.0,0,False,0.0,True,coarse
forced_loss,Saturn,48.0,6.0,SPENDABLE,243.68194974154648,0.0,0.0,0,False,0.0,True,coarse
forced_loss,Saturn,54.0,6.0,SPENDABLE,243.68194974154648,0.0,0.0,0,False,0.0,True,coarse
forced_loss,Saturn,60.0,6.0,SPENDABLE,243.68194974154648,0.0,0.0,0,False,0.0,True,coarse
forced_loss,Saturn,66.0,6.0,SPENDABLE,243.68194974154648,0.0,0.0,0,False,0.0,True,coarse
forced_loss,Saturn,72.0,6.0,SPENDABLE,243.68194974154648,0.0,0.0,0,False,0.0,True,coarse
forced_loss,Saturn,78.0,6.0,SPENDABLE,243.68194974154648,0.0,0.0,0,False,0.0,True,coarse
forced_loss,Saturn,84.0,6.0,SPENDABLE,243.68194974154648,0.0,0.0,0,False,0.0,True,coarse
forced_loss,Saturn,90.0,6.0,SPENDABLE,243.68194974154648,0.0,0.0,0,False,0.0,True,coarse
forced_loss,Saturn,96.0,6.0,SPENDABLE,243.68194974154648,0.0,0.0,0,False,0.0,True,coarse
forced_loss,Saturn,102.0,6.0,SPENDABLE,243.68194974154648,0.0,0.0,0,False,0.0,True,coarse
forced_loss,Saturn,108.0,6.0,SPENDABLE,243.68194974154648,0.0,0.0,0,False,0.0,True,coarse
forced_loss,Saturn,114.0,6.0,SPENDABLE,243.68194974154648,0.0,0.0,0,False,0.0,True,coarse
forced_loss,Saturn,120.0,6.0,SPENDABLE,243.68194974154648,0.0,0.0,0,False,0.0,False,coarse
forced_loss,Saturn,126.0,6.0,SPENDABLE,243.68194974154648,0.0,0.0,0,False,0.0,True,coarse
forced_loss,Saturn,132.0,6.0,SPENDABLE,243.68194974154648,0.0,0.0,0,False,0.0,True,coarse
forced_loss,Saturn,138.0,6.0,SPENDABLE,243.68194974154648,0.0,0.0,0,False,0.0,True,coarse
forced_loss,Saturn,144.0,6.0,SPENDABLE,243.68194974154648,0.0,0.0,0,False,0.0,True,coarse
forced_loss,Saturn,150.0,6.0,SPENDABLE,243.68194974154648,0.0,0.0,0,False,0.0,True,coarse
forced_loss,Saturn,156.0,6.0,SPENDABLE,243.68194974154648,0.0,0.0,0,False,0.0,True,coarse
forced_loss,Saturn,162.0,6.0,SPENDABLE,243.68194974154648,0.0,0.0,0,False,0.0,True,coarse
forced_loss,Saturn,168.0,6.0,SPENDABLE,243.68194974154648,0.0,0.0,0,False,0.0,True,coarse
forced_loss,Saturn,174.0,6.0,SPENDABLE,243.68194974154648,0.0,0.0,0,False,0.0,True,coarse
forced_loss,Saturn,180.0,6.0,SPENDABLE,243.68194974154648,0.0,0.0,0,False,0.0,True,coarse
forced_loss,Saturn,186.0,6.0,SPENDABLE,243.68194974154648,0.0,0.0,0,False,0.0,True,coarse
forced_loss,Saturn,192.0,6.0,SPENDABLE,243.68194974154648,0.0,0.0,0,False,0.0,True,coarse
forced_loss,Saturn,198.0,6.0,SPENDABLE,243.68194974154648,0.0,0.0,0,False,0.0,True,coarse
forced_loss,Saturn,204.0,6.0,SPENDABLE,243.68194974154648,0.0,0.0,0,False,0.0,True,coarse
forced_loss,Saturn,210.0,6.0,SPENDABLE,243.68194974154648,0.0,0.0,0,False,0.0,True,coarse
forced_loss,Saturn,216.0,6.0,SPENDABLE,243.68194974154648,0.0,0.0,0,False,0.0,False,coarse
forced_loss,Saturn,222.0,6.0,SPENDABLE,243.68194974154648,0.0,0.0,0,False,0.0,True,coarse
forced_loss,Saturn,228.0,6.0,SPENDABLE,243.68194974154648,0.0,0.0,0,False,0.0,True,coarse
forced_loss,Saturn,234.0,6.0,SPENDABLE,243.68194974154648,0.0,0.0,0,False,0.0,True,coarse
forced_loss,Saturn,240.0,6.0,SPENDABLE,243.68194974154648,0.0,0.0,0,False,0.0,False,coarse
forced_loss,Uranus,24.0,6.0,SPENDABLE,243.68194974154648,0.0,0.0,0,False,0.0,True,coarse
forced_loss,Uranus,30.0,6.0,SPENDABLE,243.68194974154648,0.0,0.0,0,False,0.0,True,coarse
forced_loss,Uranus,36.0,6.0,SPENDABLE,243.68194974154648,0.0,0.0,0,False,0.0,True,coarse
forced_loss,Uranus,42.0,6.0,SPENDABLE,243.68194974154648,0.0,0.0,0,False,0.0,True,coarse
forced_loss,Uranus,48.0,6.0,SPENDABLE,243.68194974154648,0.0,0.0,0,False,0.0,True,coarse
forced_loss,Uranus,54.0,6.0,SPENDABLE,243.68194974154648,0.0,0.0,0,False,0.0,True,coarse
forced_loss,Uranus,60.0,6.0,SPENDABLE,243.68194974154648,0.0,0.0,0,False,0.0,True,coarse
forced_loss,Uranus,66.0,6.0,SPENDABLE,243.68194974154648,0.0,0.0,0,False,0.0,True,coarse
forced_loss,Uranus,72.0,6.0,SPENDABLE,243.68194974154648,0.0,0.0,0,False,0.0,True,coarse
forced_loss,Uranus,78.0,6.0,SPENDABLE,243.68194974154648,0.0,0.0,0,False,0.0,True,coarse
forced_loss,Uranus,84.0,6.0,SPENDABLE,243.68194974154648,0.0,0.0,0,False,0.0,True,coarse
forced_loss,Uranus,90.0,6.0,SPENDABLE,243.68194974154648,0.0,0.0,0,False,0.0,True,coarse
forced_loss,Uranus,96.0,6.0,SPENDABLE,243.68194974154648,0.0,0.0,0,False,0.0,True,coarse
forced_loss,Uranus,102.0,6.0,SPENDABLE,243.68194974154648,0.0,0.0,0,False,0.0,True,coarse
forced_loss,Uranus,108.0,6.0,SPENDABLE,243.68194974154648,0.0,0.0,0,False,0.0,True,coarse
forced_loss,Uranus,114.0,6.0,SPENDABLE,243.68194974154648,0.0,0.0,0,False,0.0,True,coarse
forced_loss,Uranus,120.0,6.0,SPENDABLE,243.68194974154648,0.0,0.0,0,False,0.0,False,coarse
forced_loss,Uranus,126.0,6.0,SPENDABLE,243.68194974154648,0.0,0.0,0,False,0.0,True,coarse
forced_loss,Uranus,132.0,6.0,SPENDABLE,243.68194974154648,0.0,0.0,0,False,0.0,True,coarse
forced_loss,Uranus,138.0,6.0,SPENDABLE,243.68194974154648,0.0,0.0,0,False,0.0,True,coarse
forced_loss,Uranus,144.0,6.0,SPENDABLE,243.68194974154648,0.0,0.0,0,False,0.0,True,coarse
forced_loss,Uranus,150.0,6.0,SPENDABLE,243.68194974154648,0.0,0.0,0,False,0.0,True,coarse
forced_loss,Uranus,156.0,6.0,SPENDABLE,243.68194974154648,0.0,0.0,0,False,0.0,True,coarse
forced_loss,Uranus,162.0,6.0,SPENDABLE,243.68194974154648,0.0,0.0,0,False,0.0,True,coarse
forced_loss,Uranus,168.0,6.0,SPENDABLE,243.68194974154648,0.0,0.0,0,False,0.0,True,coarse
forced_loss,Uranus,174.0,6.0,SPENDABLE,243.68194974154648,0.0,0.0,0,False,0.0,True,coarse
forced_loss,Uranus,180.0,6.0,SPENDABLE,243.68194974154648,0.0,0.0,0,False,0.0,True,coarse
forced_loss,Uranus,186.0,6.0,SPENDABLE,243.68194974154648,0.0,0.0,0,False,0.0,True,coarse
forced_loss,Uranus,192.0,6.0,SPENDABLE,243.68194974154648,0.0,0.0,0,False,0.0,True,coarse
forced_loss,Uranus,198.0,6.0,SPENDABLE,243.68194974154648,0.0,0.0,0,False,0.0,True,coarse
forced_loss,Uranus,204.0,6.0,SPENDABLE,243.68194974154648,0.0,0.0,0,False,0.0,True,coarse
forced_loss,Uranus,210.0,6.0,SPENDABLE,243.68194974154648,0.0,0.0,0,False,0.0,True,coarse
forced_loss,Uranus,216.0,6.0,SPENDABLE,243.68194974154648,0.0,0.0,0,False,0.0,False,coarse
forced_loss,Uranus,222.0,6.0,SPENDABLE,243.68194974154648,0.0,0.0,0,False,0.0,True,coarse
forced_loss,Uranus,228.0,6.0,SPENDABLE,243.68194974154648,0.0,0.0,0,False,0.0,True,coarse
forced_loss,Uranus,234.0,6.0,SPENDABLE,243.68194974154648,0.0,0.0,0,False,0.0,True,coarse
forced_loss,Uranus,240.0,6.0,SPENDABLE,243.68194974154648,0.0,0.0,0,False,0.0,False,coarse
forced_loss,Venus,24.0,6.0,SPENDABLE,243.68194974154648,0.0,0.0,0,False,0.0,True,coarse
forced_loss,Venus,30.0,6.0,SPENDABLE,243.68194974154648,0.0,0.0,0,False,0.0,True,coarse
forced_loss,Venus,36.0,6.0,SPENDABLE,243.68194974154648,0.0,0.0,0,False,0.0,True,coarse
forced_loss,Venus,42.0,6.0,SPENDABLE,243.68194974154648,0.0,0.0,0,False,0.0,True,coarse
forced_loss,Venus,48.0,6.0,SPENDABLE,243.68194974154648,0.0,0.0,0,False,0.0,True,coarse
forced_loss,Venus,54.0,6.0,SPENDABLE,243.68194974154648,0.0,0.0,0,False,0.0,True,coarse
forced_loss,Venus,60.0,6.0,SPENDABLE,243.68194974154648,0.0,0.0,0,False,0.0,True,coarse
forced_loss,Venus,66.0,6.0,SPENDABLE,243.68194974154648,0.0,0.0,0,False,0.0,True,coarse
forced_loss,Venus,72.0,6.0,SPENDABLE,243.68194974154648,0.0,0.0,0,False,0.0,True,coarse
forced_loss,Venus,78.0,6.0,SPENDABLE,243.68194974154648,0.0,0.0,0,False,0.0,True,coarse
forced_loss,Venus,84.0,6.0,SPENDABLE,243.68194974154648,0.0,0.0,0,False,0.0,True,coarse
forced_loss,Venus,90.0,6.0,SPENDABLE,243.68194974154648,0.0,0.0,0,False,0.0,True,coarse
forced_loss,Venus,96.0,6.0,SPENDABLE,243.68194974154648,0.0,0.0,0,False,0.0,True,coarse
forced_loss,Venus,102.0,6.0,SPENDABLE,243.68194974154648,0.0,0.0,0,False,0.0,True,coarse
forced_loss,Venus,108.0,6.0,SPENDABLE,243.68194974154648,0.0,0.0,0,False,0.0,True,coarse
forced_loss,Venus,114.0,6.0,SPENDABLE,243.68194974154648,0.0,0.0,0,False,0.0,True,coarse
forced_loss,Venus,120.0,6.0,SPENDABLE,243.68194974154648,0.0,0.0,0,False,0.0,False,coarse
forced_loss,Venus,126.0,6.0,SPENDABLE,243.68194974154648,0.0,0.0,0,False,0.0,True,coarse
forced_loss,Venus,132.0,6.0,SPENDABLE,243.68194974154648,0.0,0.0,0,False,0.0,True,coarse
forced_loss,Venus,138.0,6.0,SPENDABLE,243.68194974154648,0.0,0.0,0,False,0.0,True,coarse
forced_loss,Venus,144.0,6.0,SPENDABLE,243.68194974154648,0.0,0.0,0,False,0.0,True,coarse
forced_loss,Venus,150.0,6.0,SPENDABLE,243.68194974154648,0.0,0.0,0,False,0.0,True,coarse
forced_loss,Venus,156.0,6.0,SPENDABLE,243.68194974154648,0.0,0.0,0,False,0.0,True,coarse
forced_loss,Venus,162.0,6.0,SPENDABLE,243.68194974154648,0.0,0.0,0,False,0.0,True,coarse
forced_loss,Venus,168.0,6.0,SPENDABLE,243.68194974154648,0.0,0.0,0,False,0.0,True,coarse
forced_loss,Venus,174.0,6.0,SPENDABLE,243.68194974154648,0.0,0.0,0,False,0.0,True,coarse
forced_loss,Venus,180.0,6.0,SPENDABLE,243.68194974154648,0.0,0.0,0,False,0.0,True,coarse
forced_loss,Venus,186.0,6.0,SPENDABLE,243.68194974154648,0.0,0.0,0,False,0.0,True,coarse
forced_loss,Venus,192.0,6.0,SPENDABLE,243.68194974154648,0.0,0.0,0,False,0.0,True,coarse
forced_loss,Venus,198.0,6.0,SPENDABLE,243.68194974154648,0.0,0.0,0,False,0.0,True,coarse
forced_loss,Venus,204.0,6.0,SPENDABLE,243.68194974154648,0.0,0.0,0,False,0.0,True,coarse
forced_loss,Venus,210.0,6.0,SPENDABLE,243.68194974154648,0.0,0.0,0,False,0.0,True,coarse
forced_loss,Venus,216.0,6.0,SPENDABLE,243.68194974154648,0.0,0.0,0,False,0.0,False,coarse
forced_loss,Venus,222.0,6.0,SPENDABLE,243.68194974154648,0.0,0.0,0,False,0.0,True,coarse
forced_loss,Venus,228.0,6.0,SPENDABLE,243.68194974154648,0.0,0.0,0,False,0.0,True,coarse
forced_loss,Venus,234.0,6.0,SPENDABLE,243.68194974154648,0.0,0.0,0,False,0.0,True,coarse
forced_loss,Venus,240.0,6.0,SPENDABLE,243.68194974154648,0.0,0.0,0,False,0.0,False,coarse
gateway_isolation,Ceres,24.0,72.0,SPENDABLE,243.68194974154648,0.0,0.0,0,False,0.0,True,coarse
gateway_isolation,Ceres,30.0,72.0,SPENDABLE,243.68194974154648,0.0,0.0,0,False,0.0,True,coarse
gateway_isolation,Ceres,36.0,72.0,SPENDABLE,243.68194974154648,0.0,0.0,0,False,0.0,True,coarse
gateway_isolation,Ceres,42.0,72.0,SPENDABLE,243.68194974154648,0.0,0.0,0,False,0.0,True,coarse
gateway_isolation,Ceres,48.0,72.0,SPENDABLE,243.68194974154648,0.0,0.0,0,False,0.0,True,coarse
gateway_isolation,Ceres,54.0,72.0,SPENDABLE,243.68194974154648,0.0,0.0,0,False,0.0,False,coarse
gateway_isolation,Ceres,60.0,72.0,SPENDABLE,243.68194974154648,0.0,0.0,0,False,0.0,False,coarse
gateway_isolation,Ceres,66.0,72.0,SPENDABLE,243.68194974154648,0.0,0.0,0,False,0.0,False,coarse
gateway_isolation,Ceres,72.0,72.0,SPENDABLE,243.68194974154648,0.0,0.0,0,False,0.0,False,coarse
gateway_isolation,Ceres,78.0,72.0,SPENDABLE,243.68194974154648,0.0,0.0,0,False,0.0,False,coarse
gateway_isolation,Ceres,84.0,72.0,SPENDABLE,243.68194974154648,0.0,0.0,0,False,0.0,False,coarse
gateway_isolation,Ceres,90.0,72.0,SPENDABLE,243.68194974154648,0.0,0.0,0,False,0.0,False,coarse
gateway_isolation,Ceres,96.0,72.0,SPENDABLE,243.68194974154648,0.0,0.0,0,False,0.0,False,coarse
gateway_isolation,Ceres,102.0,72.0,SPENDABLE,243.68194974154648,0.0,0.0,0,False,0.0,False,coarse
gateway_isolation,Ceres,108.0,72.0,SPENDABLE,243.68194974154648,0.0,0.0,0,False,0.0,False,coarse
gateway_isolation,Ceres,114.0,72.0,SPENDABLE,243.68194974154648,0.0,0.0,0,False,0.0,False,coarse
gateway_isolation,Ceres,120.0,72.0,SPENDABLE,243.68194974154648,0.0,0.0,0,False,0.0,False,coarse
gateway_isolation,Ceres,126.0,72.0,SPENDABLE,243.68194974154648,0.0,0.0,0,False,0.0,True,coarse
gateway_isolation,Ceres,132.0,72.0,SPENDABLE,243.68194974154648,0.0,0.0,0,False,0.0,True,coarse
gateway_isolation,Ceres,138.0,72.0,SPENDABLE,243.68194974154648,0.0,0.0,0,False,0.0,True,coarse
gateway_isolation,Ceres,144.0,72.0,SPENDABLE,243.68194974154648,0.0,0.0,0,False,0.0,True,coarse
gateway_isolation,Ceres,150.0,72.0,SPENDABLE,243.68194974154648,0.0,0.0,0,False,0.0,False,coarse
gateway_isolation,Ceres,156.0,72.0,SPENDABLE,243.68194974154648,0.0,0.0,0,False,0.0,False,coarse
gateway_isolation,Ceres,162.0,72.0,SPENDABLE,243.68194974154648,0.0,0.0,0,False,0.0,False,coarse
gateway_isolation,Ceres,168.0,72.0,SPENDABLE,243.68194974154648,0.0,0.0,0,False,0.0,False,coarse
gateway_isolation,Earth,24.0,72.0,SPENDABLE,243.68194974154648,0.0,0.0,0,False,0.0,True,coarse
gateway_isolation,Earth,30.0,72.0,SPENDABLE,243.68194974154648,0.0,0.0,0,False,0.0,True,coarse
gateway_isolation,Earth,36.0,72.0,SPENDABLE,243.68194974154648,0.0,0.0,0,False,0.0,True,coarse
gateway_isolation,Earth,42.0,72.0,SPENDABLE,243.68194974154648,0.0,0.0,0,False,0.0,True,coarse
gateway_isolation,Earth,48.0,72.0,SPENDABLE,243.68194974154648,0.0,0.0,0,False,0.0,True,coarse
gateway_isolation,Earth,54.0,72.0,SPENDABLE,243.68194974154648,0.0,0.0,0,False,0.0,False,coarse
gateway_isolation,Earth,60.0,72.0,SPENDABLE,243.68194974154648,0.0,0.0,0,False,0.0,False,coarse
gateway_isolation,Earth,66.0,72.0,SPENDABLE,243.68194974154648,0.0,0.0,0,False,0.0,False,coarse
gateway_isolation,Earth,72.0,72.0,SPENDABLE,243.68194974154648,0.0,0.0,0,False,0.0,False,coarse
gateway_isolation,Earth,78.0,72.0,SPENDABLE,243.68194974154648,0.0,0.0,0,False,0.0,False,coarse
gateway_isolation,Earth,84.0,72.0,SPENDABLE,243.68194974154648,0.0,0.0,0,False,0.0,False,coarse
gateway_isolation,Earth,90.0,72.0,SPENDABLE,243.68194974154648,0.0,0.0,0,False,0.0,False,coarse
gateway_isolation,Earth,96.0,72.0,SPENDABLE,243.68194974154648,0.0,0.0,0,False,0.0,False,coarse
gateway_isolation,Earth,102.0,72.0,SPENDABLE,243.68194974154648,0.0,0.0,0,False,0.0,False,coarse
gateway_isolation,Earth,108.0,72.0,SPENDABLE,243.68194974154648,0.0,0.0,0,False,0.0,False,coarse
gateway_isolation,Earth,114.0,72.0,SPENDABLE,243.68194974154648,0.0,0.0,0,False,0.0,False,coarse
gateway_isolation,Earth,120.0,72.0,SPENDABLE,243.68194974154648,0.0,0.0,0,False,0.0,False,coarse
gateway_isolation,Earth,126.0,72.0,SPENDABLE,243.68194974154648,0.0,0.0,0,False,0.0,True,coarse
gateway_isolation,Earth,132.0,72.0,SPENDABLE,243.68194974154648,0.0,0.0,0,False,0.0,True,coarse
gateway_isolation,Earth,138.0,72.0,SPENDABLE,243.68194974154648,0.0,0.0,0,False,0.0,True,coarse
gateway_isolation,Earth,144.0,72.0,SPENDABLE,243.68194974154648,0.0,0.0,0,False,0.0,True,coarse
gateway_isolation,Earth,150.0,72.0,SPENDABLE,243.68194974154648,0.0,0.0,0,False,0.0,False,coarse
gateway_isolation,Earth,156.0,72.0,SPENDABLE,243.68194974154648,0.0,0.0,0,False,0.0,False,coarse
gateway_isolation,Earth,162.0,72.0,SPENDABLE,243.68194974154648,0.0,0.0,0,False,0.0,False,coarse
gateway_isolation,Earth,168.0,72.0,SPENDABLE,243.68194974154648,0.0,0.0,0,False,0.0,False,coarse
gateway_isolation,Jupiter,24.0,72.0,SPENDABLE,243.68194974154648,0.0,0.0,0,False,0.0,True,coarse
gateway_isolation,Jupiter,30.0,72.0,SPENDABLE,243.68194974154648,0.0,0.0,0,False,0.0,True,coarse
gateway_isolation,Jupiter,36.0,72.0,SPENDABLE,243.68194974154648,0.0,0.0,0,False,0.0,True,coarse
gateway_isolation,Jupiter,42.0,72.0,SPENDABLE,243.68194974154648,0.0,0.0,0,False,0.0,True,coarse
gateway_isolation,Jupiter,48.0,72.0,SPENDABLE,243.68194974154648,0.0,0.0,0,False,0.0,True,coarse
gateway_isolation,Jupiter,54.0,72.0,SPENDABLE,243.68194974154648,0.0,0.0,0,False,0.0,False,coarse
gateway_isolation,Jupiter,60.0,72.0,SPENDABLE,243.68194974154648,0.0,0.0,0,False,0.0,False,coarse
gateway_isolation,Jupiter,66.0,72.0,SPENDABLE,243.68194974154648,0.0,0.0,0,False,0.0,False,coarse
gateway_isolation,Jupiter,72.0,72.0,SPENDABLE,243.68194974154648,0.0,0.0,0,False,0.0,False,coarse
gateway_isolation,Jupiter,78.0,72.0,SPENDABLE,243.68194974154648,0.0,0.0,0,False,0.0,False,coarse
gateway_isolation,Jupiter,84.0,72.0,SPENDABLE,243.68194974154648,0.0,0.0,0,False,0.0,False,coarse
gateway_isolation,Jupiter,90.0,72.0,SPENDABLE,243.68194974154648,0.0,0.0,0,False,0.0,False,coarse
gateway_isolation,Jupiter,96.0,72.0,SPENDABLE,243.68194974154648,0.0,0.0,0,False,0.0,False,coarse
gateway_isolation,Jupiter,102.0,72.0,SPENDABLE,243.68194974154648,0.0,0.0,0,False,0.0,False,coarse
gateway_isolation,Jupiter,108.0,72.0,SPENDABLE,243.68194974154648,0.0,0.0,0,False,0.0,False,coarse
gateway_isolation,Jupiter,114.0,72.0,SPENDABLE,243.68194974154648,0.0,0.0,0,False,0.0,False,coarse
gateway_isolation,Jupiter,120.0,72.0,SPENDABLE,243.68194974154648,0.0,0.0,0,False,0.0,False,coarse
gateway_isolation,Jupiter,126.0,72.0,SPENDABLE,243.68194974154648,0.0,0.0,0,False,0.0,True,coarse
gateway_isolation,Jupiter,132.0,72.0,SPENDABLE,243.68194974154648,0.0,0.0,0,False,0.0,True,coarse
gateway_isolation,Jupiter,138.0,72.0,SPENDABLE,243.68194974154648,0.0,0.0,0,False,0.0,True,coarse
gateway_isolation,Jupiter,144.0,72.0,SPENDABLE,243.68194974154648,0.0,0.0,0,False,0.0,True,coarse
gateway_isolation,Jupiter,150.0,72.0,SPENDABLE,243.68194974154648,0.0,0.0,0,False,0.0,False,coarse
gateway_isolation,Jupiter,156.0,72.0,SPENDABLE,243.68194974154648,0.0,0.0,0,False,0.0,False,coarse
gateway_isolation,Jupiter,162.0,72.0,SPENDABLE,243.68194974154648,0.0,0.0,0,False,0.0,False,coarse
gateway_isolation,Jupiter,168.0,72.0,SPENDABLE,243.68194974154648,0.0,0.0,0,False,0.0,False,coarse
gateway_isolation,Jupiter,174.0,72.0,SPENDABLE,243.68194974154648,0.0,0.0,0,False,0.0,False,coarse
gateway_isolation,Jupiter,180.0,72.0,SPENDABLE,243.68194974154648,0.0,0.0,0,False,0.0,False,coarse
gateway_isolation,Jupiter,186.0,72.0,SPENDABLE,243.68194974154648,0.0,0.0,0,False,0.0,False,coarse
gateway_isolation,Jupiter,192.0,72.0,SPENDABLE,243.68194974154648,0.0,0.0,0,False,0.0,False,coarse
gateway_isolation,Jupiter,198.0,72.0,SPENDABLE,243.68194974154648,0.0,0.0,0,False,0.0,False,coarse
gateway_isolation,Jupiter,204.0,72.0,SPENDABLE,243.68194974154648,0.0,0.0,0,False,0.0,False,coarse
gateway_isolation,Jupiter,210.0,72.0,SPENDABLE,243.68194974154648,0.0,0.0,0,False,0.0,False,coarse
gateway_isolation,Jupiter,216.0,72.0,SPENDABLE,243.68194974154648,0.0,0.0,0,False,0.0,False,coarse
gateway_isolation,Jupiter,222.0,72.0,SPENDABLE,243.68194974154648,0.0,0.0,0,False,0.0,False,coarse
gateway_isolation,Jupiter,228.0,72.0,SPENDABLE,243.68194974154648,0.0,0.0,0,False,0.0,False,coarse
gateway_isolation,Jupiter,234.0,72.0,SPENDABLE,243.68194974154648,0.0,0.0,0,False,0.0,False,coarse
gateway_isolation,Jupiter,240.0,72.0,SPENDABLE,243.68194974154648,0.0,0.0,0,False,0.0,False,coarse
gateway_isolation,Mars,24.0,72.0,SPENDABLE,243.68194974154648,0.0,0.0,0,False,0.0,True,coarse
gateway_isolation,Mars,30.0,72.0,SPENDABLE,243.68194974154648,0.0,0.0,0,False,0.0,True,coarse
gateway_isolation,Mars,36.0,72.0,SPENDABLE,243.68194974154648,0.0,0.0,0,False,0.0,True,coarse
gateway_isolation,Mars,42.0,72.0,SPENDABLE,243.68194974154648,0.0,0.0,0,False,0.0,True,coarse
gateway_isolation,Mars,48.0,72.0,SPENDABLE,243.68194974154648,0.0,0.0,0,False,0.0,True,coarse
gateway_isolation,Mars,54.0,72.0,SPENDABLE,243.68194974154648,0.0,0.0,0,False,0.0,False,coarse
gateway_isolation,Mars,60.0,72.0,SPENDABLE,243.68194974154648,0.0,0.0,0,False,0.0,False,coarse
gateway_isolation,Mars,66.0,72.0,SPENDABLE,243.68194974154648,0.0,0.0,0,False,0.0,False,coarse
gateway_isolation,Mars,72.0,72.0,SPENDABLE,243.68194974154648,0.0,0.0,0,False,0.0,False,coarse
gateway_isolation,Mars,78.0,72.0,SPENDABLE,243.68194974154648,0.0,0.0,0,False,0.0,False,coarse
gateway_isolation,Mars,84.0,72.0,SPENDABLE,243.68194974154648,0.0,0.0,0,False,0.0,False,coarse
gateway_isolation,Mars,90.0,72.0,SPENDABLE,243.68194974154648,0.0,0.0,0,False,0.0,False,coarse
gateway_isolation,Mars,96.0,72.0,SPENDABLE,243.68194974154648,0.0,0.0,0,False,0.0,False,coarse
gateway_isolation,Mars,102.0,72.0,SPENDABLE,243.68194974154648,0.0,0.0,0,False,0.0,False,coarse
gateway_isolation,Mars,108.0,72.0,SPENDABLE,243.68194974154648,0.0,0.0,0,False,0.0,False,coarse
gateway_isolation,Mars,114.0,72.0,SPENDABLE,243.68194974154648,0.0,0.0,0,False,0.0,False,coarse
gateway_isolation,Mars,120.0,72.0,SPENDABLE,243.68194974154648,0.0,0.0,0,False,0.0,False,coarse
gateway_isolation,Mars,126.0,72.0,SPENDABLE,243.68194974154648,0.0,0.0,0,False,0.0,True,coarse
gateway_isolation,Mars,132.0,72.0,SPENDABLE,243.68194974154648,0.0,0.0,0,False,0.0,True,coarse
gateway_isolation,Mars,138.0,72.0,SPENDABLE,243.68194974154648,0.0,0.0,0,False,0.0,True,coarse
gateway_isolation,Mars,144.0,72.0,SPENDABLE,243.68194974154648,0.0,0.0,0,False,0.0,True,coarse
gateway_isolation,Mars,150.0,72.0,SPENDABLE,243.68194974154648,0.0,0.0,0,False,0.0,False,coarse
gateway_isolation,Mars,156.0,72.0,SPENDABLE,243.68194974154648,0.0,0.0,0,False,0.0,False,coarse
gateway_isolation,Mars,162.0,72.0,SPENDABLE,243.68194974154648,0.0,0.0,0,False,0.0,False,coarse
gateway_isolation,Mars,168.0,72.0,SPENDABLE,243.68194974154648,0.0,0.0,0,False,0.0,False,coarse
gateway_isolation,Mercury,24.0,72.0,SPENDABLE,243.68194974154648,0.0,0.0,0,False,0.0,True,coarse
gateway_isolation,Mercury,30.0,72.0,SPENDABLE,243.68194974154648,0.0,0.0,0,False,0.0,True,coarse
gateway_isolation,Mercury,36.0,72.0,SPENDABLE,243.68194974154648,0.0,0.0,0,False,0.0,True,coarse
gateway_isolation,Mercury,42.0,72.0,SPENDABLE,243.68194974154648,0.0,0.0,0,False,0.0,True,coarse
gateway_isolation,Mercury,48.0,72.0,SPENDABLE,243.68194974154648,0.0,0.0,0,False,0.0,True,coarse
gateway_isolation,Mercury,54.0,72.0,SPENDABLE,243.68194974154648,0.0,0.0,0,False,0.0,False,coarse
gateway_isolation,Mercury,60.0,72.0,SPENDABLE,243.68194974154648,0.0,0.0,0,False,0.0,False,coarse
gateway_isolation,Mercury,66.0,72.0,SPENDABLE,243.68194974154648,0.0,0.0,0,False,0.0,False,coarse
gateway_isolation,Mercury,72.0,72.0,SPENDABLE,243.68194974154648,0.0,0.0,0,False,0.0,False,coarse
gateway_isolation,Mercury,78.0,72.0,SPENDABLE,243.68194974154648,0.0,0.0,0,False,0.0,False,coarse
gateway_isolation,Mercury,84.0,72.0,SPENDABLE,243.68194974154648,0.0,0.0,0,False,0.0,False,coarse
gateway_isolation,Mercury,90.0,72.0,SPENDABLE,243.68194974154648,0.0,0.0,0,False,0.0,False,coarse
gateway_isolation,Mercury,96.0,72.0,SPENDABLE,243.68194974154648,0.0,0.0,0,False,0.0,False,coarse
gateway_isolation,Mercury,102.0,72.0,SPENDABLE,243.68194974154648,0.0,0.0,0,False,0.0,False,coarse
gateway_isolation,Mercury,108.0,72.0,SPENDABLE,243.68194974154648,0.0,0.0,0,False,0.0,False,coarse
gateway_isolation,Mercury,114.0,72.0,SPENDABLE,243.68194974154648,0.0,0.0,0,False,0.0,False,coarse
gateway_isolation,Mercury,120.0,72.0,SPENDABLE,243.68194974154648,0.0,0.0,0,False,0.0,False,coarse
gateway_isolation,Mercury,126.0,72.0,SPENDABLE,243.68194974154648,0.0,0.0,0,False,0.0,True,coarse
gateway_isolation,Mercury,132.0,72.0,SPENDABLE,243.68194974154648,0.0,0.0,0,False,0.0,True,coarse
gateway_isolation,Mercury,138.0,72.0,SPENDABLE,243.68194974154648,0.0,0.0,0,False,0.0,True,coarse
gateway_isolation,Mercury,144.0,72.0,SPENDABLE,243.68194974154648,0.0,0.0,0,False,0.0,True,coarse
gateway_isolation,Mercury,150.0,72.0,SPENDABLE,243.68194974154648,0.0,0.0,0,False,0.0,False,coarse
gateway_isolation,Mercury,156.0,72.0,SPENDABLE,243.68194974154648,0.0,0.0,0,False,0.0,False,coarse
gateway_isolation,Mercury,162.0,72.0,SPENDABLE,243.68194974154648,0.0,0.0,0,False,0.0,False,coarse
gateway_isolation,Mercury,168.0,72.0,SPENDABLE,243.68194974154648,0.0,0.0,0,False,0.0,False,coarse
gateway_isolation,Mercury,174.0,72.0,SPENDABLE,243.68194974154648,0.0,0.0,0,False,0.0,False,coarse
gateway_isolation,Mercury,180.0,72.0,SPENDABLE,243.68194974154648,0.0,0.0,0,False,0.0,False,coarse
gateway_isolation,Mercury,186.0,72.0,SPENDABLE,243.68194974154648,0.0,0.0,0,False,0.0,False,coarse
gateway_isolation,Mercury,192.0,72.0,SPENDABLE,243.68194974154648,0.0,0.0,0,False,0.0,False,coarse
gateway_isolation,Mercury,198.0,72.0,SPENDABLE,243.68194974154648,0.0,0.0,0,False,0.0,False,coarse
gateway_isolation,Mercury,204.0,72.0,SPENDABLE,243.68194974154648,0.0,0.0,0,False,0.0,False,coarse
gateway_isolation,Mercury,210.0,72.0,SPENDABLE,243.68194974154648,0.0,0.0,0,False,0.0,False,coarse
gateway_isolation,Mercury,216.0,72.0,SPENDABLE,243.68194974154648,0.0,0.0,0,False,0.0,False,coarse
gateway_isolation,Mercury,222.0,72.0,SPENDABLE,243.68194974154648,0.0,0.0,0,False,0.0,False,coarse
gateway_isolation,Mercury,228.0,72.0,SPENDABLE,243.68194974154648,0.0,0.0,0,False,0.0,False,coarse
gateway_isolation,Mercury,234.0,72.0,SPENDABLE,243.68194974154648,0.0,0.0,0,False,0.0,False,coarse
gateway_isolation,Mercury,240.0,72.0,SPENDABLE,243.68194974154648,0.0,0.0,0,False,0.0,False,coarse
gateway_isolation,Neptune,24.0,72.0,SPENDABLE,243.68194974154648,0.0,0.0,0,False,0.0,True,coarse
gateway_isolation,Neptune,30.0,72.0,SPENDABLE,243.68194974154648,0.0,0.0,0,False,0.0,True,coarse
gateway_isolation,Neptune,36.0,72.0,SPENDABLE,243.68194974154648,0.0,0.0,0,False,0.0,True,coarse
gateway_isolation,Neptune,42.0,72.0,SPENDABLE,243.68194974154648,0.0,0.0,0,False,0.0,True,coarse
gateway_isolation,Neptune,48.0,72.0,SPENDABLE,243.68194974154648,0.0,0.0,0,False,0.0,True,coarse
gateway_isolation,Neptune,54.0,72.0,SPENDABLE,243.68194974154648,0.0,0.0,0,False,0.0,False,coarse
gateway_isolation,Neptune,60.0,72.0,SPENDABLE,243.68194974154648,0.0,0.0,0,False,0.0,False,coarse
gateway_isolation,Neptune,66.0,72.0,SPENDABLE,243.68194974154648,0.0,0.0,0,False,0.0,False,coarse
gateway_isolation,Neptune,72.0,72.0,SPENDABLE,243.68194974154648,0.0,0.0,0,False,0.0,False,coarse
gateway_isolation,Neptune,78.0,72.0,SPENDABLE,243.68194974154648,0.0,0.0,0,False,0.0,False,coarse
gateway_isolation,Neptune,84.0,72.0,SPENDABLE,243.68194974154648,0.0,0.0,0,False,0.0,False,coarse
gateway_isolation,Neptune,90.0,72.0,SPENDABLE,243.68194974154648,0.0,0.0,0,False,0.0,False,coarse
gateway_isolation,Neptune,96.0,72.0,SPENDABLE,243.68194974154648,0.0,0.0,0,False,0.0,False,coarse
gateway_isolation,Neptune,102.0,72.0,SPENDABLE,243.68194974154648,0.0,0.0,0,False,0.0,False,coarse
gateway_isolation,Neptune,108.0,72.0,SPENDABLE,243.68194974154648,0.0,0.0,0,False,0.0,False,coarse
gateway_isolation,Neptune,114.0,72.0,SPENDABLE,243.68194974154648,0.0,0.0,0,False,0.0,False,coarse
gateway_isolation,Neptune,120.0,72.0,SPENDABLE,243.68194974154648,0.0,0.0,0,False,0.0,False,coarse
gateway_isolation,Neptune,126.0,72.0,SPENDABLE,243.68194974154648,0.0,0.0,0,False,0.0,True,coarse
gateway_isolation,Neptune,132.0,72.0,SPENDABLE,243.68194974154648,0.0,0.0,0,False,0.0,True,coarse
gateway_isolation,Neptune,138.0,72.0,SPENDABLE,243.68194974154648,0.0,0.0,0,False,0.0,True,coarse
gateway_isolation,Neptune,144.0,72.0,SPENDABLE,243.68194974154648,0.0,0.0,0,False,0.0,True,coarse
gateway_isolation,Neptune,150.0,72.0,SPENDABLE,243.68194974154648,0.0,0.0,0,False,0.0,False,coarse
gateway_isolation,Neptune,156.0,72.0,SPENDABLE,243.68194974154648,0.0,0.0,0,False,0.0,False,coarse
gateway_isolation,Neptune,162.0,72.0,SPENDABLE,243.68194974154648,0.0,0.0,0,False,0.0,False,coarse
gateway_isolation,Neptune,168.0,72.0,SPENDABLE,243.68194974154648,0.0,0.0,0,False,0.0,False,coarse
gateway_isolation,Neptune,174.0,72.0,SPENDABLE,243.68194974154648,0.0,0.0,0,False,0.0,False,coarse
gateway_isolation,Neptune,180.0,72.0,SPENDABLE,243.68194974154648,0.0,0.0,0,False,0.0,False,coarse
gateway_isolation,Neptune,186.0,72.0,SPENDABLE,243.68194974154648,0.0,0.0,0,False,0.0,False,coarse
gateway_isolation,Neptune,192.0,72.0,SPENDABLE,243.68194974154648,0.0,0.0,0,False,0.0,False,coarse
gateway_isolation,Neptune,198.0,72.0,SPENDABLE,243.68194974154648,0.0,0.0,0,False,0.0,False,coarse
gateway_isolation,Neptune,204.0,72.0,SPENDABLE,243.68194974154648,0.0,0.0,0,False,0.0,False,coarse
gateway_isolation,Neptune,210.0,72.0,SPENDABLE,243.68194974154648,0.0,0.0,0,False,0.0,False,coarse
gateway_isolation,Neptune,216.0,72.0,SPENDABLE,243.68194974154648,0.0,0.0,0,False,0.0,False,coarse
gateway_isolation,Neptune,222.0,72.0,SPENDABLE,243.68194974154648,0.0,0.0,0,False,0.0,False,coarse
gateway_isolation,Neptune,228.0,72.0,SPENDABLE,243.68194974154648,0.0,0.0,0,False,0.0,False,coarse
gateway_isolation,Neptune,234.0,72.0,SPENDABLE,243.68194974154648,0.0,0.0,0,False,0.0,False,coarse
gateway_isolation,Neptune,240.0,72.0,SPENDABLE,243.68194974154648,0.0,0.0,0,False,0.0,False,coarse
gateway_isolation,Saturn,24.0,72.0,SPENDABLE,243.68194974154648,0.0,0.0,0,False,0.0,True,coarse
gateway_isolation,Saturn,30.0,72.0,SPENDABLE,243.68194974154648,0.0,0.0,0,False,0.0,True,coarse
gateway_isolation,Saturn,36.0,72.0,SPENDABLE,243.68194974154648,0.0,0.0,0,False,0.0,True,coarse
gateway_isolation,Saturn,42.0,72.0,SPENDABLE,243.68194974154648,0.0,0.0,0,False,0.0,True,coarse
gateway_isolation,Saturn,48.0,72.0,SPENDABLE,243.68194974154648,0.0,0.0,0,False,0.0,True,coarse
gateway_isolation,Saturn,54.0,72.0,SPENDABLE,243.68194974154648,0.0,0.0,0,False,0.0,False,coarse
gateway_isolation,Saturn,60.0,72.0,SPENDABLE,243.68194974154648,0.0,0.0,0,False,0.0,False,coarse
gateway_isolation,Saturn,66.0,72.0,SPENDABLE,243.68194974154648,0.0,0.0,0,False,0.0,False,coarse
gateway_isolation,Saturn,72.0,72.0,SPENDABLE,243.68194974154648,0.0,0.0,0,False,0.0,False,coarse
gateway_isolation,Saturn,78.0,72.0,SPENDABLE,243.68194974154648,0.0,0.0,0,False,0.0,False,coarse
gateway_isolation,Saturn,84.0,72.0,SPENDABLE,243.68194974154648,0.0,0.0,0,False,0.0,False,coarse
gateway_isolation,Saturn,90.0,72.0,SPENDABLE,243.68194974154648,0.0,0.0,0,False,0.0,False,coarse
gateway_isolation,Saturn,96.0,72.0,SPENDABLE,243.68194974154648,0.0,0.0,0,False,0.0,False,coarse
gateway_isolation,Saturn,102.0,72.0,SPENDABLE,243.68194974154648,0.0,0.0,0,False,0.0,False,coarse
gateway_isolation,Saturn,108.0,72.0,SPENDABLE,243.68194974154648,0.0,0.0,0,False,0.0,False,coarse
gateway_isolation,Saturn,114.0,72.0,SPENDABLE,243.68194974154648,0.0,0.0,0,False,0.0,False,coarse
gateway_isolation,Saturn,120.0,72.0,SPENDABLE,243.68194974154648,0.0,0.0,0,False,0.0,False,coarse
gateway_isolation,Saturn,126.0,72.0,SPENDABLE,243.68194974154648,0.0,0.0,0,False,0.0,True,coarse
gateway_isolation,Saturn,132.0,72.0,SPENDABLE,243.68194974154648,0.0,0.0,0,False,0.0,True,coarse
gateway_isolation,Saturn,138.0,72.0,SPENDABLE,243.68194974154648,0.0,0.0,0,False,0.0,True,coarse
gateway_isolation,Saturn,144.0,72.0,SPENDABLE,243.68194974154648,0.0,0.0,0,False,0.0,True,coarse
gateway_isolation,Saturn,150.0,72.0,SPENDABLE,243.68194974154648,0.0,0.0,0,False,0.0,False,coarse
gateway_isolation,Saturn,156.0,72.0,SPENDABLE,243.68194974154648,0.0,0.0,0,False,0.0,False,coarse
gateway_isolation,Saturn,162.0,72.0,SPENDABLE,243.68194974154648,0.0,0.0,0,False,0.0,False,coarse
gateway_isolation,Saturn,168.0,72.0,SPENDABLE,243.68194974154648,0.0,0.0,0,False,0.0,False,coarse
gateway_isolation,Saturn,174.0,72.0,SPENDABLE,243.68194974154648,0.0,0.0,0,False,0.0,False,coarse
gateway_isolation,Saturn,180.0,72.0,SPENDABLE,243.68194974154648,0.0,0.0,0,False,0.0,False,coarse
gateway_isolation,Saturn,186.0,72.0,SPENDABLE,243.68194974154648,0.0,0.0,0,False,0.0,False,coarse
gateway_isolation,Saturn,192.0,72.0,SPENDABLE,243.68194974154648,0.0,0.0,0,False,0.0,False,coarse
gateway_isolation,Saturn,198.0,72.0,SPENDABLE,243.68194974154648,0.0,0.0,0,False,0.0,False,coarse
gateway_isolation,Saturn,204.0,72.0,SPENDABLE,243.68194974154648,0.0,0.0,0,False,0.0,False,coarse
gateway_isolation,Saturn,210.0,72.0,SPENDABLE,243.68194974154648,0.0,0.0,0,False,0.0,False,coarse
gateway_isolation,Saturn,216.0,72.0,SPENDABLE,243.68194974154648,0.0,0.0,0,False,0.0,False,coarse
gateway_isolation,Saturn,222.0,72.0,SPENDABLE,243.68194974154648,0.0,0.0,0,False,0.0,False,coarse
gateway_isolation,Saturn,228.0,72.0,SPENDABLE,243.68194974154648,0.0,0.0,0,False,0.0,False,coarse
gateway_isolation,Saturn,234.0,72.0,SPENDABLE,243.68194974154648,0.0,0.0,0,False,0.0,False,coarse
gateway_isolation,Saturn,240.0,72.0,SPENDABLE,243.68194974154648,0.0,0.0,0,False,0.0,False,coarse
gateway_isolation,Uranus,24.0,72.0,SPENDABLE,243.68194974154648,0.0,0.0,0,False,0.0,True,coarse
gateway_isolation,Uranus,30.0,72.0,SPENDABLE,243.68194974154648,0.0,0.0,0,False,0.0,True,coarse
gateway_isolation,Uranus,36.0,72.0,SPENDABLE,243.68194974154648,0.0,0.0,0,False,0.0,True,coarse
gateway_isolation,Uranus,42.0,72.0,SPENDABLE,243.68194974154648,0.0,0.0,0,False,0.0,True,coarse
gateway_isolation,Uranus,48.0,72.0,SPENDABLE,243.68194974154648,0.0,0.0,0,False,0.0,True,coarse
gateway_isolation,Uranus,54.0,72.0,SPENDABLE,243.68194974154648,0.0,0.0,0,False,0.0,False,coarse
gateway_isolation,Uranus,60.0,72.0,SPENDABLE,243.68194974154648,0.0,0.0,0,False,0.0,False,coarse
gateway_isolation,Uranus,66.0,72.0,SPENDABLE,243.68194974154648,0.0,0.0,0,False,0.0,False,coarse
gateway_isolation,Uranus,72.0,72.0,SPENDABLE,243.68194974154648,0.0,0.0,0,False,0.0,False,coarse
gateway_isolation,Uranus,78.0,72.0,SPENDABLE,243.68194974154648,0.0,0.0,0,False,0.0,False,coarse
gateway_isolation,Uranus,84.0,72.0,SPENDABLE,243.68194974154648,0.0,0.0,0,False,0.0,False,coarse
gateway_isolation,Uranus,90.0,72.0,SPENDABLE,243.68194974154648,0.0,0.0,0,False,0.0,False,coarse
gateway_isolation,Uranus,96.0,72.0,SPENDABLE,243.68194974154648,0.0,0.0,0,False,0.0,False,coarse
gateway_isolation,Uranus,102.0,72.0,SPENDABLE,243.68194974154648,0.0,0.0,0,False,0.0,False,coarse
gateway_isolation,Uranus,108.0,72.0,SPENDABLE,243.68194974154648,0.0,0.0,0,False,0.0,False,coarse
gateway_isolation,Uranus,114.0,72.0,SPENDABLE,243.68194974154648,0.0,0.0,0,False,0.0,False,coarse
gateway_isolation,Uranus,120.0,72.0,SPENDABLE,243.68194974154648,0.0,0.0,0,False,0.0,False,coarse
gateway_isolation,Uranus,126.0,72.0,SPENDABLE,243.68194974154648,0.0,0.0,0,False,0.0,True,coarse
gateway_isolation,Uranus,132.0,72.0,SPENDABLE,243.68194974154648,0.0,0.0,0,False,0.0,True,coarse
gateway_isolation,Uranus,138.0,72.0,SPENDABLE,243.68194974154648,0.0,0.0,0,False,0.0,True,coarse
gateway_isolation,Uranus,144.0,72.0,SPENDABLE,243.68194974154648,0.0,0.0,0,False,0.0,True,coarse
gateway_isolation,Uranus,150.0,72.0,SPENDABLE,243.68194974154648,0.0,0.0,0,False,0.0,False,coarse
gateway_isolation,Uranus,156.0,72.0,SPENDABLE,243.68194974154648,0.0,0.0,0,False,0.0,False,coarse
gateway_isolation,Uranus,162.0,72.0,SPENDABLE,243.68194974154648,0.0,0.0,0,False,0.0,False,coarse
gateway_isolation,Uranus,168.0,72.0,SPENDABLE,243.68194974154648,0.0,0.0,0,False,0.0,False,coarse
gateway_isolation,Uranus,174.0,72.0,SPENDABLE,243.68194974154648,0.0,0.0,0,False,0.0,False,coarse
gateway_isolation,Uranus,180.0,72.0,SPENDABLE,243.68194974154648,0.0,0.0,0,False,0.0,False,coarse
gateway_isolation,Uranus,186.0,72.0,SPENDABLE,243.68194974154648,0.0,0.0,0,False,0.0,False,coarse
gateway_isolation,Uranus,192.0,72.0,SPENDABLE,243.68194974154648,0.0,0.0,0,False,0.0,False,coarse
gateway_isolation,Uranus,198.0,72.0,SPENDABLE,243.68194974154648,0.0,0.0,0,False,0.0,False,coarse
gateway_isolation,Uranus,204.0,72.0,SPENDABLE,243.68194974154648,0.0,0.0,0,False,0.0,False,coarse
gateway_isolation,Uranus,210.0,72.0,SPENDABLE,243.68194974154648,0.0,0.0,0,False,0.0,False,coarse
gateway_isolation,Uranus,216.0,72.0,SPENDABLE,243.68194974154648,0.0,0.0,0,False,0.0,False,coarse
gateway_isolation,Uranus,222.0,72.0,SPENDABLE,243.68194974154648,0.0,0.0,0,False,0.0,False,coarse
gateway_isolation,Uranus,228.0,72.0,SPENDABLE,243.68194974154648,0.0,0.0,0,False,0.0,False,coarse
gateway_isolation,Uranus,234.0,72.0,SPENDABLE,243.68194974154648,0.0,0.0,0,False,0.0,False,coarse
gateway_isolation,Uranus,240.0,72.0,SPENDABLE,243.68194974154648,0.0,0.0,0,False,0.0,False,coarse
gateway_isolation,Venus,24.0,72.0,SPENDABLE,243.68194974154648,0.0,0.0,0,False,0.0,True,coarse
gateway_isolation,Venus,30.0,72.0,SPENDABLE,243.68194974154648,0.0,0.0,0,False,0.0,True,coarse
gateway_isolation,Venus,36.0,72.0,SPENDABLE,243.68194974154648,0.0,0.0,0,False,0.0,True,coarse
gateway_isolation,Venus,42.0,72.0,SPENDABLE,243.68194974154648,0.0,0.0,0,False,0.0,True,coarse
gateway_isolation,Venus,48.0,72.0,SPENDABLE,243.68194974154648,0.0,0.0,0,False,0.0,True,coarse
gateway_isolation,Venus,54.0,72.0,SPENDABLE,243.68194974154648,0.0,0.0,0,False,0.0,False,coarse
gateway_isolation,Venus,60.0,72.0,SPENDABLE,243.68194974154648,0.0,0.0,0,False,0.0,False,coarse
gateway_isolation,Venus,66.0,72.0,SPENDABLE,243.68194974154648,0.0,0.0,0,False,0.0,False,coarse
gateway_isolation,Venus,72.0,72.0,SPENDABLE,243.68194974154648,0.0,0.0,0,False,0.0,False,coarse
gateway_isolation,Venus,78.0,72.0,SPENDABLE,243.68194974154648,0.0,0.0,0,False,0.0,False,coarse
gateway_isolation,Venus,84.0,72.0,SPENDABLE,243.68194974154648,0.0,0.0,0,False,0.0,False,coarse
gateway_isolation,Venus,90.0,72.0,SPENDABLE,243.68194974154648,0.0,0.0,0,False,0.0,False,coarse
gateway_isolation,Venus,96.0,72.0,SPENDABLE,243.68194974154648,0.0,0.0,0,False,0.0,False,coarse
gateway_isolation,Venus,102.0,72.0,SPENDABLE,243.68194974154648,0.0,0.0,0,False,0.0,False,coarse
gateway_isolation,Venus,108.0,72.0,SPENDABLE,243.68194974154648,0.0,0.0,0,False,0.0,False,coarse
gateway_isolation,Venus,114.0,72.0,SPENDABLE,243.68194974154648,0.0,0.0,0,False,0.0,False,coarse
gateway_isolation,Venus,120.0,72.0,SPENDABLE,243.68194974154648,0.0,0.0,0,False,0.0,False,coarse
gateway_isolation,Venus,126.0,72.0,SPENDABLE,243.68194974154648,0.0,0.0,0,False,0.0,True,coarse
gateway_isolation,Venus,132.0,72.0,SPENDABLE,243.68194974154648,0.0,0.0,0,False,0.0,True,coarse
gateway_isolation,Venus,138.0,72.0,SPENDABLE,243.68194974154648,0.0,0.0,0,False,0.0,True,coarse
gateway_isolation,Venus,144.0,72.0,SPENDABLE,243.68194974154648,0.0,0.0,0,False,0.0,True,coarse
gateway_isolation,Venus,150.0,72.0,SPENDABLE,243.68194974154648,0.0,0.0,0,False,0.0,False,coarse
gateway_isolation,Venus,156.0,72.0,SPENDABLE,243.68194974154648,0.0,0.0,0,False,0.0,False,coarse
gateway_isolation,Venus,162.0,72.0,SPENDABLE,243.68194974154648,0.0,0.0,0,False,0.0,False,coarse
gateway_isolation,Venus,168.0,72.0,SPENDABLE,243.68194974154648,0.0,0.0,0,False,0.0,False,coarse
gateway_isolation,Venus,174.0,72.0,SPENDABLE,243.68194974154648,0.0,0.0,0,False,0.0,False,coarse
gateway_isolation,Venus,180.0,72.0,SPENDABLE,243.68194974154648,0.0,0.0,0,False,0.0,False,coarse
gateway_isolation,Venus,186.0,72.0,SPENDABLE,243.68194974154648,0.0,0.0,0,False,0.0,False,coarse
gateway_isolation,Venus,192.0,72.0,SPENDABLE,243.68194974154648,0.0,0.0,0,False,0.0,False,coarse
gateway_isolation,Venus,198.0,72.0,SPENDABLE,243.68194974154648,0.0,0.0,0,False,0.0,False,coarse
gateway_isolation,Venus,204.0,72.0,SPENDABLE,243.68194974154648,0.0,0.0,0,False,0.0,False,coarse
gateway_isolation,Venus,210.0,72.0,SPENDABLE,243.68194974154648,0.0,0.0,0,False,0.0,False,coarse
gateway_isolation,Venus,216.0,72.0,SPENDABLE,243.68194974154648,0.0,0.0,0,False,0.0,False,coarse
gateway_isolation,Venus,222.0,72.0,SPENDABLE,243.68194974154648,0.0,0.0,0,False,0.0,False,coarse
gateway_isolation,Venus,228.0,72.0,SPENDABLE,243.68194974154648,0.0,0.0,0,False,0.0,False,coarse
gateway_isolation,Venus,234.0,72.0,SPENDABLE,243.68194974154648,0.0,0.0,0,False,0.0,False,coarse
gateway_isolation,Venus,240.0,72.0,SPENDABLE,243.68194974154648,0.0,0.0,0,False,0.0,False,coarse
