packet_id,message_id,service,principal,requested_time_days,time_days,time_hours,time_seconds,purpose,message_type,record_count,application_payload_bytes,network_header_bytes,network_packet_bytes,payload_sha256,quota_exempt,quota_ok_before,quota_reason
WL-00000001,1,backbone,EXCHANGE@Earth,-0.24998842592592593,-0.24998842592592593,-5.999722222222222,-21599.0,SESSION_SYN_Earth_TO_Ceres,APPLICATION_CONTROL,0,960,64,1024,abace04067da650b6228db2f7bc5bfdf79a5934c2ce18cc208bd2055b328c1e4,False,True,OK
WL-00000002,2,backbone,EXCHANGE@Mars,-0.24997685185185184,-0.24997685185185184,-5.999444444444444,-21598.0,SESSION_SYN_Mars_TO_Ceres,APPLICATION_CONTROL,0,960,64,1024,f3bbbf0540590095a9248cb39be44962367a1b6d2bda351900b28bd767fe5c03,False,True,OK
WL-00000003,3,backbone,EXCHANGE@Mercury,-0.24996527777777777,-0.24996527777777777,-5.9991666666666665,-21597.0,SESSION_SYN_Mercury_TO_Ceres,APPLICATION_CONTROL,0,960,64,1024,0d445640ead797e1b75ff5516f222f4a41b30c9854c0e4404ad355c45bcec1ec,False,True,OK
WL-00000004,4,backbone,EXCHANGE@Venus,-0.2499537037037037,-0.2499537037037037,-5.998888888888889,-21596.0,SESSION_SYN_Venus_TO_Ceres,APPLICATION_CONTROL,0,960,64,1024,929d0d3200181e09debd4ea4ca96574379326ad9d28aa55e63459175f94f04b7,False,True,OK
WL-00000005,5,direct,CLIENT@Jupiter,0.125,0.125,3.0,10800.0,ORDER_Jupiter_TO_Ceres,ORDER,1,960,64,1024,04a118fa68f2e353d0ccabf80a8171913c00a4bf000e36af41bab812cd32cff0,False,True,OK
WL-00000013,13,direct,CLIENT@Saturn,0.125,0.125,3.0,10800.0,ORDER_Saturn_TO_Earth,ORDER,1,960,64,1024,3e93c80a5a2c816b65383d08a8c9a6eaa8a373c57f78f06cd9f362a847cefa4a,False,True,OK
WL-00000021,21,direct,CLIENT@Uranus,0.125,0.125,3.0,10800.0,ORDER_Uranus_TO_Ceres,ORDER,1,960,64,1024,f754df46bd32ffb91371c45889762a925871d48afa6bce5aeb8b9d0bfc938597,False,True,OK
WL-00000029,29,direct,CLIENT@Neptune,0.125,0.125,3.0,10800.0,ORDER_Neptune_TO_Earth,ORDER,1,960,64,1024,bb04d6a54852b6185f1c3173fd51a7c45b9c5f9cbe479dec5bf52e0810be04b9,False,True,OK
WL-00000006,6,direct,EXCHANGE@Ceres,0.12638888888888888,0.12638888888888888,3.033333333333333,10920.0,ORDER_RESPONSE_Ceres_TO_Jupiter,APPLICATION_CONTROL,1,960,64,1024,631b2a0574c43916e690302af75c79a8029335a8ce3256ece7a44f61325974cd,False,True,OK
WL-00000014,14,direct,EXCHANGE@Earth,0.12638888888888888,0.12638888888888888,3.033333333333333,10920.0,ORDER_RESPONSE_Earth_TO_Saturn,APPLICATION_CONTROL,1,960,64,1024,31889ec856aee2935e4de7cb31a109a99c80d385a456b55e21c0c185617e2957,False,True,OK
WL-00000037,37,backbone,EXCHANGE@Mercury,0.2500115740740741,0.2500115740740741,6.000277777777779,21601.0,BATCH_Mercury_TO_Ceres_1_P1,BATCH,1,960,64,1024,a26d946a76bfef853b534ed899e98f93deb4a6be079f67961a2be3b400c33446,False,True,OK
WL-00000045,45,backbone,EXCHANGE@Venus,0.2500115740740741,0.2500115740740741,6.000277777777779,21601.0,BATCH_Venus_TO_Ceres_1_P1,BATCH,1,960,64,1024,f9d73ebe2836eec801520e9b5c2f2668cafed186d925fe944dd4c29201727ed1,False,True,OK
WL-00000053,53,backbone,EXCHANGE@Earth,0.2500115740740741,0.2500115740740741,6.000277777777779,21601.0,BATCH_Earth_TO_Ceres_1_P1,BATCH,3,960,64,1024,8b791577ef94acfdbe97099eadc9804450a7cbc893c988db9b971fdf9a854f5e,False,True,OK
WL-00000061,61,backbone,EXCHANGE@Mars,0.2500115740740741,0.2500115740740741,6.000277777777779,21601.0,BATCH_Mars_TO_Ceres_1_P1,BATCH,1,960,64,1024,f8b837e21697ee2527e04f1805d8943663e597d86195ba85e6d7fa0f8752b72e,False,True,OK
WL-00000062,62,backbone,EXCHANGE@Ceres,0.2706674995326624,0.2706674995326624,6.496019988783898,23385.671959622032,BATCH_CONFIRM_Ceres_TO_Mars_1_P1,CLEAR_CONFIRM,1,960,64,1024,df791ab6de82ba755a548f2f8ebaed705da29cd13032470bd9bca7ec361cf863,False,True,OK
WL-00000054,54,backbone,EXCHANGE@Ceres,0.2731834226298112,0.2731834226298112,6.556402143115469,23603.04771521569,BATCH_CONFIRM_Ceres_TO_Earth_1_P1,CLEAR_CONFIRM,1,960,64,1024,7a02d94aa9a55369275e1c6202b8bf68682b2602968d3d79e42a3e148d5b0150,False,True,OK
WL-00000046,46,backbone,EXCHANGE@Ceres,0.27525877058842146,0.27525877058842146,6.606210494122115,23782.357778839614,BATCH_CONFIRM_Ceres_TO_Venus_1_P1,CLEAR_CONFIRM,1,960,64,1024,d96c275746da9e78ce862443d85e0fae460b58c501e30178f707f6a75fdcb905,False,True,OK
WL-00000038,38,backbone,EXCHANGE@Ceres,0.2790671358941638,0.2790671358941638,6.697611261459931,24111.400541255753,BATCH_CONFIRM_Ceres_TO_Mercury_1_P1,CLEAR_CONFIRM,1,960,64,1024,a8957c0b6e0820a480421b5f720d4614217256d87ebc80a2a0fae8a997aa6ae1,False,True,OK
WL-00000007,7,direct,CLIENT@Jupiter,0.375,0.375,9.0,32400.0,ORDER_Jupiter_TO_Ceres,ORDER,1,960,64,1024,e58f053d7797c44df1349d512bc717bc2544beb53edecda08317ef2d48e72ba9,False,True,OK
WL-00000015,15,direct,CLIENT@Saturn,0.375,0.375,9.0,32400.0,ORDER_Saturn_TO_Earth,ORDER,1,960,64,1024,d4de4055390d35b727b887f03de4bafce3eea8d078924ca6942f2f585d6d5514,False,True,OK
WL-00000023,23,direct,CLIENT@Uranus,0.375,0.375,9.0,32400.0,ORDER_Uranus_TO_Ceres,ORDER,1,960,64,1024,dc0397c1cc2af685c721ea7329579b517a4b515f73015b9ca336429e99189e7e,False,True,OK
WL-00000031,31,direct,CLIENT@Neptune,0.375,0.375,9.0,32400.0,ORDER_Neptune_TO_Earth,ORDER,1,960,64,1024,8594813ea4f5dde573514aaad05752c3d28055e6f74aa6e4a60d8d164786eef0,False,True,OK
WL-00000008,8,direct,EXCHANGE@Ceres,0.376400462962963,0.376400462962963,9.033611111111112,32521.0,ORDER_RESPONSE_Ceres_TO_Jupiter,APPLICATION_CONTROL,1,960,64,1024,464a306c5cfa972fc4c2c60dcbe27698d10ec1fe30e01ab5b4880aebaadf6174,False,True,OK
WL-00000016,16,direct,EXCHANGE@Earth,0.376400462962963,0.376400462962963,9.033611111111112,32521.0,ORDER_RESPONSE_Earth_TO_Saturn,APPLICATION_CONTROL,1,960,64,1024,e6e9f68cb23cac74fb6117761493f40c406ae877002b4dcac6efc3f217f3d514,False,True,OK
WL-00000039,39,backbone,EXCHANGE@Mercury,0.500011574074074,0.500011574074074,12.000277777777777,43201.0,BATCH_Mercury_TO_Ceres_2_P1,BATCH,1,960,64,1024,abb2a682bbff398230d56a7e47c45b27d0260a0ba5ff7e891b5ae44642c9bb3e,False,True,OK
WL-00000047,47,backbone,EXCHANGE@Venus,0.500011574074074,0.500011574074074,12.000277777777777,43201.0,BATCH_Venus_TO_Ceres_2_P1,BATCH,1,960,64,1024,540cc20c2aa292d283fcf427c9bb6b04a31772f0773db49adaf1d5fc9323b7aa,False,True,OK
WL-00000055,55,backbone,EXCHANGE@Earth,0.500011574074074,0.500011574074074,12.000277777777777,43201.0,BATCH_Earth_TO_Ceres_2_P1,BATCH,3,960,64,1024,231829e9cd6c55d506997e2a0139d44c99d0eec1e5547e37a53f6e68b2aaef8f,False,True,OK
WL-00000063,63,backbone,EXCHANGE@Mars,0.500011574074074,0.500011574074074,12.000277777777777,43201.0,BATCH_Mars_TO_Ceres_2_P1,BATCH,1,960,64,1024,51a450b67cfb488afcb4f32d21c71f4a513e6d92740298f8f27dc0e605cf5fb9,False,True,OK
WL-00000064,64,backbone,EXCHANGE@Ceres,0.5206782095319012,0.5206782095319012,12.496277028765629,44986.59730355627,BATCH_CONFIRM_Ceres_TO_Mars_2_P1,CLEAR_CONFIRM,1,960,64,1024,9af493d99c627c4290ddc33899c35feae18aa6759e611308e424608daaf01ba1,False,True,OK
WL-00000056,56,backbone,EXCHANGE@Ceres,0.5231667832365611,0.5231667832365611,12.556002797677465,45201.610071638876,BATCH_CONFIRM_Ceres_TO_Earth_2_P1,CLEAR_CONFIRM,1,960,64,1024,1c912cb2eade688f7fe065f36b0b6aa41fe04ea75ef396b15ef93791ce0dc0ee,False,True,OK
WL-00000048,48,backbone,EXCHANGE@Ceres,0.5252347714536144,0.5252347714536144,12.605634514886745,45380.28425359228,BATCH_CONFIRM_Ceres_TO_Venus_2_P1,CLEAR_CONFIRM,1,960,64,1024,9bdfc8b7fd122a81a2c2a49d070ca7c8c8c49c67f7c9435b212578056c6960da,False,True,OK
WL-00000040,40,backbone,EXCHANGE@Ceres,0.5290615640105064,0.5290615640105064,12.697477536252155,45710.919130507755,BATCH_CONFIRM_Ceres_TO_Mercury_2_P1,CLEAR_CONFIRM,1,960,64,1024,ecb0f50687fe99e59b900b64e3c799552f08d43b8a0ac20f88d91cb2ab01b823,False,True,OK
WL-00000009,9,direct,CLIENT@Jupiter,0.625,0.625,15.0,54000.0,ORDER_Jupiter_TO_Ceres,ORDER,1,960,64,1024,48fa449a784aa1402068037288759c388a41df591c950ff469b0ff239fc23510,False,True,OK
WL-00000017,17,direct,CLIENT@Saturn,0.625,0.625,15.0,54000.0,ORDER_Saturn_TO_Earth,ORDER,1,960,64,1024,e6b6befe1339214f1a6548beb48191c962482a3c24366f7c42e6e47ef8755d02,False,True,OK
WL-00000025,25,direct,CLIENT@Uranus,0.625,0.625,15.0,54000.0,ORDER_Uranus_TO_Ceres,ORDER,1,960,64,1024,167165cb9f2cff8bbe1c48f59c8f188137909740f5adc66a2cff4c5de5f01144,False,True,OK
WL-00000033,33,direct,CLIENT@Neptune,0.625,0.625,15.0,54000.0,ORDER_Neptune_TO_Earth,ORDER,1,960,64,1024,feb065b165fa661ad1f4c507a83d841e7e4a69426c9ac80242b712fa6dc1a8c2,False,True,OK
WL-00000010,10,direct,EXCHANGE@Ceres,0.6264120370370371,0.6264120370370371,15.033888888888889,54122.0,ORDER_RESPONSE_Ceres_TO_Jupiter,APPLICATION_CONTROL,1,960,64,1024,092a0e44018394b9577f3f62650a1ac63c5d60793d8d226c078f0f2a496d308a,False,True,OK
WL-00000018,18,direct,EXCHANGE@Earth,0.6264120370370371,0.6264120370370371,15.033888888888889,54122.0,ORDER_RESPONSE_Earth_TO_Saturn,APPLICATION_CONTROL,1,960,64,1024,ccc03457820ffa775b06f45eadd2e7f063e5ad0eb8ce375b0efc0f9a82a0cd9f,False,True,OK
WL-00000041,41,backbone,EXCHANGE@Mercury,0.750011574074074,0.750011574074074,18.000277777777775,64801.0,BATCH_Mercury_TO_Ceres_3_P1,BATCH,1,960,64,1024,79f47ce008fdd4ec278f20f762b08c7992a2edb521db9f09cb5ed6fbd24ea28e,False,True,OK
WL-00000049,49,backbone,EXCHANGE@Venus,0.750011574074074,0.750011574074074,18.000277777777775,64801.0,BATCH_Venus_TO_Ceres_3_P1,BATCH,1,960,64,1024,d2a4129dad2f6e8f5997c7d23e5b48496ab73634bcbf33271796c5321665cb3e,False,True,OK
WL-00000057,57,backbone,EXCHANGE@Earth,0.750011574074074,0.750011574074074,18.000277777777775,64801.0,BATCH_Earth_TO_Ceres_3_P1,BATCH,3,960,64,1024,45f9f63b911164e7490c29bbfd5dffe00e8b4c8adf50913010d04896a152a4c1,False,True,OK
WL-00000065,65,backbone,EXCHANGE@Mars,0.750011574074074,0.750011574074074,18.000277777777775,64801.0,BATCH_Mars_TO_Ceres_3_P1,BATCH,1,960,64,1024,c9b201d7f9a0e8fbd6ee8853bf8a272af0be49c4f4a39b6b58ee051b14bbe771,False,True,OK
WL-00000066,66,backbone,EXCHANGE@Ceres,0.7706889300157213,0.7706889300157213,18.49653432037731,66587.52355335832,BATCH_CONFIRM_Ceres_TO_Mars_3_P1,CLEAR_CONFIRM,1,960,64,1024,28bbb15a9dc49a97e196b9b11d14be2b18206041862fec60e8e1b2a722e8b5f2,False,True,OK
WL-00000058,58,backbone,EXCHANGE@Ceres,0.7731501801883466,0.7731501801883466,18.555604324520317,66800.17556827315,BATCH_CONFIRM_Ceres_TO_Earth_3_P1,CLEAR_CONFIRM,1,960,64,1024,c4a31f90f610d83ab1d64a948efd4c593bf93c6aa448ea5453fbd77d37f4ed97,False,True,OK
WL-00000050,50,backbone,EXCHANGE@Ceres,0.7752108033953448,0.7752108033953448,18.605059281488273,66978.2134133578,BATCH_CONFIRM_Ceres_TO_Venus_3_P1,CLEAR_CONFIRM,1,960,64,1024,a350f6b0e6cf15a7fab688f5229eb6255d18c574620ff191ff56302d09ef1d7b,False,True,OK
WL-00000042,42,backbone,EXCHANGE@Ceres,0.7790556189214417,0.7790556189214417,18.6973348541146,67310.40547481256,BATCH_CONFIRM_Ceres_TO_Mercury_3_P1,CLEAR_CONFIRM,1,960,64,1024,2bdad551d39b97c96e0d66cf2b36e426991f60e64c24d31ba5b6d5611261026d,False,True,OK
WL-00000011,11,direct,CLIENT@Jupiter,0.875,0.875,21.0,75600.0,ORDER_Jupiter_TO_Ceres,ORDER,1,960,64,1024,48d3d8c486ba93cbaa4e662a024ac43f91bcca912ca37df4a6fd49f51c9dcaab,False,True,OK
WL-00000019,19,direct,CLIENT@Saturn,0.875,0.875,21.0,75600.0,ORDER_Saturn_TO_Earth,ORDER,1,960,64,1024,a7611898f4f75f43e594feb61be95fe25185f2033d0152bd9c8c768a13b2d43c,False,True,OK
WL-00000027,27,direct,CLIENT@Uranus,0.875,0.875,21.0,75600.0,ORDER_Uranus_TO_Ceres,ORDER,1,960,64,1024,d11ecc43aadd6540299a34908ea763427ead8e077f45ab1a9ad27a77c33e62b9,False,True,OK
WL-00000035,35,direct,CLIENT@Neptune,0.875,0.875,21.0,75600.0,ORDER_Neptune_TO_Earth,ORDER,1,960,64,1024,110e5488e07dc87c368186807603a25cc2385ae88682119766ec873c583b2aab,False,True,OK
WL-00000012,12,direct,EXCHANGE@Ceres,0.8764236111111111,0.8764236111111111,21.034166666666668,75723.0,ORDER_RESPONSE_Ceres_TO_Jupiter,APPLICATION_CONTROL,1,960,64,1024,292487f339c68137cd1292ce70400eda633869c8fc4b25e28730675dff771e30,False,True,OK
WL-00000020,20,direct,EXCHANGE@Earth,0.8764236111111111,0.8764236111111111,21.034166666666668,75723.0,ORDER_RESPONSE_Earth_TO_Saturn,APPLICATION_CONTROL,1,960,64,1024,0e984464cb8eda9f190bafaa88bbe3632246af346d320c7d440e12a5447ed398,False,True,OK
WL-00000022,22,direct,EXCHANGE@Ceres,0.12638888888888888,0.8771180555555556,21.050833333333333,75783.0,ORDER_RESPONSE_Ceres_TO_Uranus,APPLICATION_CONTROL,1,960,64,1024,b2c3284c533b7e6bfe602783ec9e307ce3d663689c858934309fd906465a11e9,False,True,OK
WL-00000030,30,direct,EXCHANGE@Earth,0.12638888888888888,0.8771180555555556,21.050833333333333,75783.0,ORDER_RESPONSE_Earth_TO_Neptune,APPLICATION_CONTROL,1,960,64,1024,ad804f3b9c3017583480cb3a10f9b7a0921623e79c75c734194e131605ad877b,False,True,OK
WL-00000024,24,direct,EXCHANGE@Ceres,0.376400462962963,0.8778125,21.0675,75843.0,ORDER_RESPONSE_Ceres_TO_Uranus,APPLICATION_CONTROL,1,960,64,1024,d24d1f09d4a9bf446a14e0deada98ebec697b64df377e90e95a431fa0f1ba3f8,False,True,OK
WL-00000032,32,direct,EXCHANGE@Earth,0.376400462962963,0.8778125,21.0675,75843.0,ORDER_RESPONSE_Earth_TO_Neptune,APPLICATION_CONTROL,1,960,64,1024,1e8c2a7c7315e4efbfa820c963e5e5606a68624749a2479c116d43b205e07d08,False,True,OK
WL-00000026,26,direct,EXCHANGE@Ceres,0.6264120370370371,0.8785069444444444,21.08416666666667,75903.0,ORDER_RESPONSE_Ceres_TO_Uranus,APPLICATION_CONTROL,1,960,64,1024,a33f5a85bb4500ddffb3f04059c08e23d60a7ad49e2afc1814681498191a3eb9,False,True,OK
WL-00000034,34,direct,EXCHANGE@Earth,0.6264120370370371,0.8785069444444444,21.08416666666667,75903.0,ORDER_RESPONSE_Earth_TO_Neptune,APPLICATION_CONTROL,1,960,64,1024,5be4f37af9d950f7caa9856f4f47cc476f71948710422d192286a91f36be5554,False,True,OK
WL-00000028,28,direct,EXCHANGE@Ceres,0.8764236111111111,0.8792013888888889,21.100833333333334,75963.0,ORDER_RESPONSE_Ceres_TO_Uranus,APPLICATION_CONTROL,1,960,64,1024,415cc76febe955657ce4acd97397662e3b06ff3dca8e3bd386660c90fa5f566d,False,True,OK
WL-00000036,36,direct,EXCHANGE@Earth,0.8764236111111111,0.8792013888888889,21.100833333333334,75963.0,ORDER_RESPONSE_Earth_TO_Neptune,APPLICATION_CONTROL,1,960,64,1024,c00c52f8a32e0a935b35f91e5c4f77444acfb01479d363c90605f07011a76c65,False,True,OK
WL-00000043,43,backbone,EXCHANGE@Mercury,1.000011574074074,1.000011574074074,24.000277777777775,86401.0,BATCH_Mercury_TO_Ceres_4_P1,BATCH,1,960,64,1024,835f883e984363565a39db9705ac0dacdb93c625e027f6b86236834c89974165,False,True,OK
WL-00000051,51,backbone,EXCHANGE@Venus,1.000011574074074,1.000011574074074,24.000277777777775,86401.0,BATCH_Venus_TO_Ceres_4_P1,BATCH,1,960,64,1024,edb4fb7ae21b991a62ba284c2bb9f041295d996d1483e022fbfdfc637fa22346,False,True,OK
WL-00000059,59,backbone,EXCHANGE@Earth,1.000011574074074,1.000011574074074,24.000277777777775,86401.0,BATCH_Earth_TO_Ceres_4_P1,BATCH,3,960,64,1024,851d9dc4bb3fa745aa4aaf6354781452e7ee5204c85d6cfb23f45d09f033b886,False,True,OK
WL-00000067,67,backbone,EXCHANGE@Mars,1.000011574074074,1.000011574074074,24.000277777777775,86401.0,BATCH_Mars_TO_Ceres_4_P1,BATCH,1,960,64,1024,9127773fef7418bdfd02981507bc7de16f03b23705584d57da202e3f3bd00f33,False,True,OK
WL-00000068,68,backbone,EXCHANGE@Ceres,1.0206996609206422,1.0206996609206422,24.496791862095414,88188.4507035435,BATCH_CONFIRM_Ceres_TO_Mars_4_P1,CLEAR_CONFIRM,1,960,64,1024,15917a78486944cf9164005cd9ba81bd102b0a458b12dcc9b5a08ba243f7b58c,False,True,OK
WL-00000060,60,backbone,EXCHANGE@Ceres,1.0231336138361624,1.0231336138361624,24.555206732067898,88398.74423544444,BATCH_CONFIRM_Ceres_TO_Earth_4_P1,CLEAR_CONFIRM,1,960,64,1024,17b1bf530f38d59b9e7a48a81ad93f6c6a4af372205eb7fefa1729a43fda26ef,False,True,OK
WL-00000052,52,backbone,EXCHANGE@Ceres,1.0251868674611158,1.0251868674611158,24.604484819066776,88576.1453486404,BATCH_CONFIRM_Ceres_TO_Venus_4_P1,CLEAR_CONFIRM,1,960,64,1024,8d6ff78ca3e5cf7352bc548cbba2e74f16f059c0a23645d48133bee747669b24,False,True,OK
WL-00000044,44,backbone,EXCHANGE@Ceres,1.0290493021117921,1.0290493021117921,24.69718325068301,88909.85970245884,BATCH_CONFIRM_Ceres_TO_Mercury_4_P1,CLEAR_CONFIRM,1,960,64,1024,95e61138d0984ab3f37f0ff60a95f9441bf6dd0d604f891766897e822bdd0ab5,False,True,OK
WL-00000069,69,direct,CLIENT@Jupiter,1.125,1.125,27.0,97200.0,ORDER_Jupiter_TO_Ceres,ORDER,1,960,64,1024,0c03b0f98a53ad38dfba480825860635b2e156ed9a57990b165657271ef20539,False,True,OK
WL-00000077,77,direct,CLIENT@Saturn,1.125,1.125,27.0,97200.0,ORDER_Saturn_TO_Earth,ORDER,1,960,64,1024,7d1e36f1a9aca6a8039b423b45ae2b17069e2fc06a7baf74d45086cde28392fa,False,True,OK
WL-00000085,85,direct,CLIENT@Uranus,1.125,1.125,27.0,97200.0,ORDER_Uranus_TO_Ceres,ORDER,1,960,64,1024,9d58e773a66f09822749bb503ba8013c03347fdf5a0c5e7ab6d79d8707a594e3,False,True,OK
WL-00000093,93,direct,CLIENT@Neptune,1.125,1.125,27.0,97200.0,ORDER_Neptune_TO_Earth,ORDER,1,960,64,1024,d2d5c91cb282b1bfcfdf845edf7109a6c1e917c632dd25b482b1dc98396ac608,False,True,OK
WL-00000070,70,direct,EXCHANGE@Ceres,1.1263888888888889,1.1263888888888889,27.03333333333333,97320.0,ORDER_RESPONSE_Ceres_TO_Jupiter,APPLICATION_CONTROL,1,960,64,1024,3eb73d43a76dfed9f5b34d95f17d46d109ee226fdb62dfe1000e396939a64a2d,False,True,OK
WL-00000078,78,direct,EXCHANGE@Earth,1.1263888888888889,1.1263888888888889,27.03333333333333,97320.0,ORDER_RESPONSE_Earth_TO_Saturn,APPLICATION_CONTROL,1,960,64,1024,b8f8cb03db1c709ade1ea49f92acfba530a6d99e037a4c80b5f8c5cac4998c61,False,True,OK
WL-00000101,101,backbone,EXCHANGE@Mercury,1.250011574074074,1.250011574074074,30.000277777777775,108001.0,BATCH_Mercury_TO_Ceres_1_P1,BATCH,1,960,64,1024,ac594ffcaad61c5bb35460d2e56750008540d049124451320914cd4957671b7d,False,True,OK
WL-00000109,109,backbone,EXCHANGE@Venus,1.250011574074074,1.250011574074074,30.000277777777775,108001.0,BATCH_Venus_TO_Ceres_1_P1,BATCH,1,960,64,1024,6f11dbe0c8c3a2e6273d5054194e236878a5b257fc08332e6c7ccf3b19775ac0,False,True,OK
WL-00000117,117,backbone,EXCHANGE@Earth,1.250011574074074,1.250011574074074,30.000277777777775,108001.0,BATCH_Earth_TO_Ceres_1_P1,BATCH,3,960,64,1024,c327af221245c615d89a73375a7246c164c07ddfcacf3955928ecfac9539b528,False,True,OK
WL-00000125,125,backbone,EXCHANGE@Mars,1.250011574074074,1.250011574074074,30.000277777777775,108001.0,BATCH_Mars_TO_Ceres_1_P1,BATCH,1,960,64,1024,64dae90a26493d0d0abce46fe276f6f1067996003f1cad50567e88dd32447334,False,True,OK
WL-00000126,126,backbone,EXCHANGE@Ceres,1.270710402183457,1.270710402183457,30.497049652402968,109789.37874865068,BATCH_CONFIRM_Ceres_TO_Mars_1_P1,CLEAR_CONFIRM,1,960,64,1024,3997e86731e30447a77eb09316ffb8b0d014efa2a86d26d6930717b7b4c3705b,False,True,OK
WL-00000118,118,backbone,EXCHANGE@Ceres,1.2731170845321118,1.2731170845321118,30.55481002877068,109997.31610357446,BATCH_CONFIRM_Ceres_TO_Earth_1_P1,CLEAR_CONFIRM,1,960,64,1024,2e7c153d65af07c4b74611d1502f3a61ad3f97b4cf39c80a5a0288ed7b51e3e6,False,True,OK
WL-00000110,110,backbone,EXCHANGE@Ceres,1.2751629647028617,1.2751629647028617,30.603911152868683,110174.08015032725,BATCH_CONFIRM_Ceres_TO_Venus_1_P1,CLEAR_CONFIRM,1,960,64,1024,8aad5ca3362e1d708a28f779d71641fd669e4967bc14b77d8173980217b742f6,False,True,OK
WL-00000102,102,backbone,EXCHANGE@Ceres,1.2790426150553578,1.2790426150553578,30.697022761328586,110509.28194078291,BATCH_CONFIRM_Ceres_TO_Mercury_1_P1,CLEAR_CONFIRM,1,960,64,1024,aed55cf84281d2d67d0bf6f6601f6debd3f0d4ff22fd26212d0ea47934b3750d,False,True,OK
WL-00000071,71,direct,CLIENT@Jupiter,1.375,1.375,33.0,118800.0,ORDER_Jupiter_TO_Ceres,ORDER,1,960,64,1024,74acbb0e2c22fc8f8c6fb3f6490b41bf2f09775bca517fe3c71508d6e69af423,False,True,OK
WL-00000079,79,direct,CLIENT@Saturn,1.375,1.375,33.0,118800.0,ORDER_Saturn_TO_Earth,ORDER,1,960,64,1024,3f2c44a1119ea626b7a7b30cd0e9eb5ab202b4fcc4f583a16161942a4d3e1498,False,True,OK
WL-00000087,87,direct,CLIENT@Uranus,1.375,1.375,33.0,118800.0,ORDER_Uranus_TO_Ceres,ORDER,1,960,64,1024,6d021a26435d5d7666b310374c6b76b8cec3cc48126ee8472281a36c47b7ddda,False,True,OK
WL-00000095,95,direct,CLIENT@Neptune,1.375,1.375,33.0,118800.0,ORDER_Neptune_TO_Earth,ORDER,1,960,64,1024,cebba3478abc5423a46247236c5e9140384c79c38f7c63c20b643f815b63f296,False,True,OK
WL-00000072,72,direct,EXCHANGE@Ceres,1.376400462962963,1.376400462962963,33.033611111111114,118921.0,ORDER_RESPONSE_Ceres_TO_Jupiter,APPLICATION_CONTROL,1,960,64,1024,3b717c3295bd78a4b94c0bddcccab20fccf4d671fe8dd307dec5f7952ff1cfaf,False,True,OK
WL-00000080,80,direct,EXCHANGE@Earth,1.376400462962963,1.376400462962963,33.033611111111114,118921.0,ORDER_RESPONSE_Earth_TO_Saturn,APPLICATION_CONTROL,1,960,64,1024,f1dc55fae30e6b6db3c80db3a82ea1812580fcbfc09d56934d36375b98afa1f4,False,True,OK
WL-00000103,103,backbone,EXCHANGE@Mercury,1.500011574074074,1.500011574074074,36.000277777777775,129601.0,BATCH_Mercury_TO_Ceres_2_P1,BATCH,1,960,64,1024,1ddfd3beeedb97c7d6440617e2f465ecad29e1b970206fe98c88ad0061406f74,False,True,OK
WL-00000111,111,backbone,EXCHANGE@Venus,1.500011574074074,1.500011574074074,36.000277777777775,129601.0,BATCH_Venus_TO_Ceres_2_P1,BATCH,1,960,64,1024,de1e3c517e14f6449bfc0cc64a70bd657a810dd16ea2da1d17623bce605246cd,False,True,OK
WL-00000119,119,backbone,EXCHANGE@Earth,1.500011574074074,1.500011574074074,36.000277777777775,129601.0,BATCH_Earth_TO_Ceres_2_P1,BATCH,3,960,64,1024,b44bd17107fed60deca5e5eefeceafec47d212206f3f01b29ccfe229b38b645b,False,True,OK
WL-00000127,127,backbone,EXCHANGE@Mars,1.500011574074074,1.500011574074074,36.000277777777775,129601.0,BATCH_Mars_TO_Ceres_2_P1,BATCH,1,960,64,1024,15aaaffcd9af4e9adaf494241f6cfa99dc8530a3ef0b151ae1cb5c24e83a1ec1,False,True,OK
WL-00000128,128,backbone,EXCHANGE@Ceres,1.5207211537412302,1.5207211537412302,36.49730768978952,131390.30768324228,BATCH_CONFIRM_Ceres_TO_Mars_2_P1,CLEAR_CONFIRM,1,960,64,1024,8603659820274aa767100ab4bb1ce757c4cea5314dff56b0e684ad8aa4836156,False,True,OK
WL-00000120,120,backbone,EXCHANGE@Ceres,1.523100592629402,1.523100592629402,36.554414223105645,131595.89120318033,BATCH_CONFIRM_Ceres_TO_Earth_2_P1,CLEAR_CONFIRM,1,960,64,1024,6e4fb1d940f0c5d35bd294d5f717176bc4f3f572f0db867a8883e487b8a9a064,False,True,OK
WL-00000112,112,backbone,EXCHANGE@Ceres,1.5251390961769322,1.5251390961769322,36.60333830824637,131772.01790968695,BATCH_CONFIRM_Ceres_TO_Venus_2_P1,CLEAR_CONFIRM,1,960,64,1024,54fec606c9e709e57f2b5a3a6fd84aa276c565e2cf7c2f0ce9c3dd83fbf15058,False,True,OK
WL-00000104,104,backbone,EXCHANGE@Ceres,1.5290355592152527,1.5290355592152527,36.69685342116607,132108.67231619783,BATCH_CONFIRM_Ceres_TO_Mercury_2_P1,CLEAR_CONFIRM,1,960,64,1024,38fa4ffb601d7badca843abb1e096a30e499d9d897f11c0a8818cd28953fbef3,False,True,OK
WL-00000073,73,direct,CLIENT@Jupiter,1.625,1.625,39.0,140400.0,ORDER_Jupiter_TO_Ceres,ORDER,1,960,64,1024,90bd09822b023b848b8271cbabb86cd57e9dba88b944a4341ecfb935cca759ec,False,True,OK
WL-00000081,81,direct,CLIENT@Saturn,1.625,1.625,39.0,140400.0,ORDER_Saturn_TO_Earth,ORDER,1,960,64,1024,268f39071807d44a04ae7ce09ef3fcc8b804b9a7db7c346df32099afbc923aed,False,True,OK
WL-00000089,89,direct,CLIENT@Uranus,1.625,1.625,39.0,140400.0,ORDER_Uranus_TO_Ceres,ORDER,1,960,64,1024,27115207d26e8b495fa30683d2483867000f1d468e57ce30b4936f0fb082fbf1,False,True,OK
WL-00000097,97,direct,CLIENT@Neptune,1.625,1.625,39.0,140400.0,ORDER_Neptune_TO_Earth,ORDER,1,960,64,1024,a6b96db4927bcdfffd135f28decd83275c2b85f056c32502fdba20d57b0834e7,False,True,OK
WL-00000074,74,direct,EXCHANGE@Ceres,1.626412037037037,1.626412037037037,39.03388888888889,140522.0,ORDER_RESPONSE_Ceres_TO_Jupiter,APPLICATION_CONTROL,1,960,64,1024,22de276bdf3d6189af98828660daa301bcf5e64b0d3d75fb4ed6eae8e117f027,False,True,OK
WL-00000082,82,direct,EXCHANGE@Earth,1.626412037037037,1.626412037037037,39.03388888888889,140522.0,ORDER_RESPONSE_Earth_TO_Saturn,APPLICATION_CONTROL,1,960,64,1024,56dbde3d9255f177046afe79be505170143025d8786e7c437b184bf0c19e4023,False,True,OK
WL-00000105,105,backbone,EXCHANGE@Mercury,1.750011574074074,1.750011574074074,42.000277777777775,151201.0,BATCH_Mercury_TO_Ceres_3_P1,BATCH,1,960,64,1024,9de03358d5d9b59c2dd768039c3404ad0dc151aa754658e1917323a9fe9d09b5,False,True,OK
WL-00000113,113,backbone,EXCHANGE@Venus,1.750011574074074,1.750011574074074,42.000277777777775,151201.0,BATCH_Venus_TO_Ceres_3_P1,BATCH,1,960,64,1024,def1b0691f194cf61afe328135d0e3931b958260601a91974fc51baa915ef450,False,True,OK
WL-00000121,121,backbone,EXCHANGE@Earth,1.750011574074074,1.750011574074074,42.000277777777775,151201.0,BATCH_Earth_TO_Ceres_3_P1,BATCH,3,960,64,1024,afa304a2e8b394fb4e801d632b43e547a4c1cd484916af7775867bbcd8b4b40b,False,True,OK
WL-00000129,129,backbone,EXCHANGE@Mars,1.750011574074074,1.750011574074074,42.000277777777775,151201.0,BATCH_Mars_TO_Ceres_3_P1,BATCH,1,960,64,1024,c3a270efbce7b480af201233fe65a20e51f3e5946a6c8ebfc533bc4f3c11cb28,False,True,OK
WL-00000130,130,backbone,EXCHANGE@Ceres,1.7707319155312968,1.7707319155312968,42.497565972751126,152991.23750190405,BATCH_CONFIRM_Ceres_TO_Mars_3_P1,CLEAR_CONFIRM,1,960,64,1024,fb18f0145c099e3f46b140cddfd33002935323ab539c361f3999137e487cae82,False,True,OK
WL-00000122,122,backbone,EXCHANGE@Ceres,1.773084138482338,1.773084138482338,42.554019323576114,153194.469564874,BATCH_CONFIRM_Ceres_TO_Earth_3_P1,CLEAR_CONFIRM,1,960,64,1024,d8edaa1272362f73c0f189a8386b06870f29a8bdb4538c77d30c9b17bb816b16,False,True,OK
WL-00000114,114,backbone,EXCHANGE@Ceres,1.7751152629440765,1.7751152629440765,42.602766310657834,153369.9587183682,BATCH_CONFIRM_Ceres_TO_Venus_3_P1,CLEAR_CONFIRM,1,960,64,1024,eed42a5c7a41818fc67ca6bb0b9825f3899c55bcab096981327f6d0a16bbc953,False,True,OK
WL-00000106,106,backbone,EXCHANGE@Ceres,1.7790281360442646,1.7790281360442646,42.69667526506235,153708.03095422446,BATCH_CONFIRM_Ceres_TO_Mercury_3_P1,CLEAR_CONFIRM,1,960,64,1024,b01ff90de7f2d0b5040f3dfa895666cb165a56507ab91f42e7d8b3fa0762ab05,False,True,OK
WL-00000075,75,direct,CLIENT@Jupiter,1.875,1.875,45.0,162000.0,ORDER_Jupiter_TO_Ceres,ORDER,1,960,64,1024,381218dce6b188dd36a757129c618dc2904f1ccfbc54c8217342def21bcf2815,False,True,OK
WL-00000083,83,direct,CLIENT@Saturn,1.875,1.875,45.0,162000.0,ORDER_Saturn_TO_Earth,ORDER,1,960,64,1024,df054e2170c30ce8b70221146549770d1a08ca60c7d7fe592ca786afabbc9cd4,False,True,OK
WL-00000091,91,direct,CLIENT@Uranus,1.875,1.875,45.0,162000.0,ORDER_Uranus_TO_Ceres,ORDER,1,960,64,1024,f230e0a475134247d47dcbdecffe607451bb37e70df9c40455ee64e402d195ed,False,True,OK
WL-00000099,99,direct,CLIENT@Neptune,1.875,1.875,45.0,162000.0,ORDER_Neptune_TO_Earth,ORDER,1,960,64,1024,a960184ef9e76a9677ada6381d35c1cfc69a26256de22936f914d8935bfed34f,False,True,OK
WL-00000076,76,direct,EXCHANGE@Ceres,1.876423611111111,1.876423611111111,45.034166666666664,162123.0,ORDER_RESPONSE_Ceres_TO_Jupiter,APPLICATION_CONTROL,1,960,64,1024,c8183ac0f87b1a8907f5ec747b311ef64f6216b613c46300e3e7667f9110e1eb,False,True,OK
WL-00000084,84,direct,EXCHANGE@Earth,1.876423611111111,1.876423611111111,45.034166666666664,162123.0,ORDER_RESPONSE_Earth_TO_Saturn,APPLICATION_CONTROL,1,960,64,1024,1db98864ef153110f55a02954bd25684d6647fd8b9930f700b0cc0cc1823dcfd,False,True,OK
WL-00000086,86,direct,EXCHANGE@Ceres,1.1263888888888889,1.8771180555555556,45.05083333333333,162183.0,ORDER_RESPONSE_Ceres_TO_Uranus,APPLICATION_CONTROL,1,960,64,1024,c22b2c6d167d210732aff8a55a34b625a1f37c14f74e5b997170a7d1a03cb3b2,False,True,OK
WL-00000094,94,direct,EXCHANGE@Earth,1.1263888888888889,1.8771180555555556,45.05083333333333,162183.0,ORDER_RESPONSE_Earth_TO_Neptune,APPLICATION_CONTROL,1,960,64,1024,2867cbf63abdbde5279d6ff2126e66a37eb50703e5d649f8053aa67e558b9ffb,False,True,OK
WL-00000088,88,direct,EXCHANGE@Ceres,1.376400462962963,1.8778125,45.0675,162243.0,ORDER_RESPONSE_Ceres_TO_Uranus,APPLICATION_CONTROL,1,960,64,1024,54f30a85f60ad26e276d7ab95de0bf1ccebcf63b93f692f20300100039b0d194,False,True,OK
WL-00000096,96,direct,EXCHANGE@Earth,1.376400462962963,1.8778125,45.0675,162243.0,ORDER_RESPONSE_Earth_TO_Neptune,APPLICATION_CONTROL,1,960,64,1024,ac9c3bbbc2247e837e646ef3170264c2e32cdd1a1a9585a14e5e8002f96afdb4,False,True,OK
WL-00000090,90,direct,EXCHANGE@Ceres,1.626412037037037,1.8785069444444447,45.084166666666675,162303.00000000003,ORDER_RESPONSE_Ceres_TO_Uranus,APPLICATION_CONTROL,1,960,64,1024,e83b02f08439317304851635f2a16fe22575a0e6ff524a09cb8681a75efe49fe,False,True,OK
WL-00000098,98,direct,EXCHANGE@Earth,1.626412037037037,1.8785069444444447,45.084166666666675,162303.00000000003,ORDER_RESPONSE_Earth_TO_Neptune,APPLICATION_CONTROL,1,960,64,1024,bb3eac2a6895f45db4c4512e99ae17e055ac4b644aee8e052645aae41a3209f0,False,True,OK
WL-00000092,92,direct,EXCHANGE@Ceres,1.876423611111111,1.8792013888888892,45.10083333333334,162363.00000000003,ORDER_RESPONSE_Ceres_TO_Uranus,APPLICATION_CONTROL,1,960,64,1024,04bc1fb83d7611b3cb9bd468de59fc0a54d4bfbaf42adaa6af9b412f129d571c,False,True,OK
WL-00000100,100,direct,EXCHANGE@Earth,1.876423611111111,1.8792013888888892,45.10083333333334,162363.00000000003,ORDER_RESPONSE_Earth_TO_Neptune,APPLICATION_CONTROL,1,960,64,1024,de818389a7df33ad98971246af9516be9871763153352730a33a5bc9e4bd0c0b,False,True,OK
WL-00000107,107,backbone,EXCHANGE@Mercury,2.0000115740740743,2.0000115740740743,48.00027777777778,172801.00000000003,BATCH_Mercury_TO_Ceres_4_P1,BATCH,1,960,64,1024,36487eaff0285dc7f9cf956b48ccad32f000181202e006f716b46c70504a1cf4,False,True,OK
WL-00000115,115,backbone,EXCHANGE@Venus,2.0000115740740743,2.0000115740740743,48.00027777777778,172801.00000000003,BATCH_Venus_TO_Ceres_4_P1,BATCH,1,960,64,1024,b89cedd761d8083a07c2ee4090e6b52bc0ee315aeea99beee255d16ef4bb9336,False,True,OK
WL-00000123,123,backbone,EXCHANGE@Earth,2.0000115740740743,2.0000115740740743,48.00027777777778,172801.00000000003,BATCH_Earth_TO_Ceres_4_P1,BATCH,3,960,64,1024,880273197d8d87a2e0d1f931764e4987f79721689e3e311f869693d3bb057078,False,True,OK
WL-00000131,131,backbone,EXCHANGE@Mars,2.0000115740740743,2.0000115740740743,48.00027777777778,172801.00000000003,BATCH_Mars_TO_Ceres_4_P1,BATCH,1,960,64,1024,eac6f57bc077acfc8b86dfee7c113627245829ed17946110334013e21ff471d8,False,True,OK
WL-00000132,132,backbone,EXCHANGE@Ceres,2.0207426874912637,2.0207426874912637,48.497824499790326,174592.16819924518,BATCH_CONFIRM_Ceres_TO_Mars_4_P1,CLEAR_CONFIRM,1,960,64,1024,0e6d1b05828115e08e0ca6229f3ad7038735bab4bc9e34fbd0028c0d470bc156,False,True,OK
WL-00000124,124,backbone,EXCHANGE@Ceres,2.0230677224463194,2.0230677224463194,48.55362533871167,174793.051219362,BATCH_CONFIRM_Ceres_TO_Earth_4_P1,CLEAR_CONFIRM,1,960,64,1024,24ea1259793da1499178e336f3c5faf247b75d299710e177882a8cd4bcd044bc,False,True,OK
WL-00000116,116,backbone,EXCHANGE@Ceres,2.025091466069426,2.025091466069426,48.60219518566622,174967.9026683984,BATCH_CONFIRM_Ceres_TO_Venus_4_P1,CLEAR_CONFIRM,1,960,64,1024,3aee16a8cd1db85c75d086079e4a0ebc65a2488dfc639830647d84b36076edb3,False,True,OK
WL-00000108,108,backbone,EXCHANGE@Ceres,2.0290203469852326,2.0290203469852326,48.69648832764558,175307.3579795241,BATCH_CONFIRM_Ceres_TO_Mercury_4_P1,CLEAR_CONFIRM,1,960,64,1024,dc44837359a832cdb350d9914f5d03346136ffb499ac1b250ab060febeea97e4,False,True,OK
WL-00000133,133,direct,CLIENT@Jupiter,2.125,2.125,51.0,183600.0,ORDER_Jupiter_TO_Ceres,ORDER,1,960,64,1024,a62a71d426bb25ef871842b5a9d467ba114ea2632952f009869415c2609b8203,False,True,OK
WL-00000141,141,direct,CLIENT@Saturn,2.125,2.125,51.0,183600.0,ORDER_Saturn_TO_Earth,ORDER,1,960,64,1024,9c5f8d548260fe916a747dfc65c0608c8abc074065b5fbd579e310da37b6f4c9,False,True,OK
WL-00000149,149,direct,CLIENT@Uranus,2.125,2.125,51.0,183600.0,ORDER_Uranus_TO_Ceres,ORDER,1,960,64,1024,977e6eafd15fdcc18c6af331e5bed2af2c68b75bba28e64cc8550bf227263e19,False,True,OK
WL-00000157,157,direct,CLIENT@Neptune,2.125,2.125,51.0,183600.0,ORDER_Neptune_TO_Earth,ORDER,1,960,64,1024,e7fbeb6d0dfb804a1a02b94b4bb4b89eb231f22f4595cf0ae2212cd633f86280,False,True,OK
WL-00000134,134,direct,EXCHANGE@Ceres,2.126388888888889,2.126388888888889,51.03333333333334,183720.00000000003,ORDER_RESPONSE_Ceres_TO_Jupiter,APPLICATION_CONTROL,1,960,64,1024,b2adba38103a5868eaa6d4907e94f78423137e187f461e8d7effbb752158c6ac,False,True,OK
WL-00000142,142,direct,EXCHANGE@Earth,2.126388888888889,2.126388888888889,51.03333333333334,183720.00000000003,ORDER_RESPONSE_Earth_TO_Saturn,APPLICATION_CONTROL,1,960,64,1024,5c258d29bcfc8eded1656397c3276fbe616fa6ce36eec550ff7f8f3289174f9a,False,True,OK
WL-00000165,165,backbone,EXCHANGE@Mercury,2.2500115740740743,2.2500115740740743,54.00027777777778,194401.00000000003,BATCH_Mercury_TO_Ceres_1_P1,BATCH,1,960,64,1024,478151e141cbb51069265618de37ee7851b7e89df035a5fe21ec8219a61fb105,False,True,OK
WL-00000173,173,backbone,EXCHANGE@Venus,2.2500115740740743,2.2500115740740743,54.00027777777778,194401.00000000003,BATCH_Venus_TO_Ceres_1_P1,BATCH,1,960,64,1024,6f4a13650b2f8523413cffbf2f53365b5bec60437c8843a8c46d779157fdf29e,False,True,OK
WL-00000181,181,backbone,EXCHANGE@Earth,2.2500115740740743,2.2500115740740743,54.00027777777778,194401.00000000003,BATCH_Earth_TO_Ceres_1_P1,BATCH,3,960,64,1024,326d2c6994359552a17b778301031ca302794d6699e6f8555596a2c839989949,False,True,OK
WL-00000189,189,backbone,EXCHANGE@Mars,2.2500115740740743,2.2500115740740743,54.00027777777778,194401.00000000003,BATCH_Mars_TO_Ceres_1_P1,BATCH,1,960,64,1024,5eafa110a2197da24013751bcc9bdf490ba4e3165a0ddbfb7f316f1726c50b85,False,True,OK
WL-00000190,190,backbone,EXCHANGE@Ceres,2.270753469559005,2.270753469559005,54.49808326941612,196193.09976989802,BATCH_CONFIRM_Ceres_TO_Mars_1_P1,CLEAR_CONFIRM,1,960,64,1024,b75a4dacf43512a00363158e07219b5aae08c4e203d7b94bc96b665029d9eb34,False,True,OK
WL-00000182,182,backbone,EXCHANGE@Ceres,2.27305134487783,2.27305134487783,54.55323227706792,196391.63619744452,BATCH_CONFIRM_Ceres_TO_Earth_1_P1,CLEAR_CONFIRM,1,960,64,1024,d86e6f674e4f63304d72165adabce8e5eed0de8f0a00173d38bfa346a0d50ead,False,True,OK
WL-00000174,174,backbone,EXCHANGE@Ceres,2.2750677066224743,2.2750677066224743,54.60162495893938,196565.84985218177,BATCH_CONFIRM_Ceres_TO_Venus_1_P1,CLEAR_CONFIRM,1,960,64,1024,9d9a227f1cefb6bd0260aa79bb019bda42b3de366f683d84a30ad03d45c682f0,False,True,OK
WL-00000166,166,backbone,EXCHANGE@Ceres,2.2790121934714453,2.2790121934714453,54.69629264331469,196906.65351593288,BATCH_CONFIRM_Ceres_TO_Mercury_1_P1,CLEAR_CONFIRM,1,960,64,1024,82c28b18d1dec53912e6fbc57830365d8a72b29e9fa9f85f74d01bce031aa15b,False,True,OK
WL-00000135,135,direct,CLIENT@Jupiter,2.375,2.375,57.0,205200.0,ORDER_Jupiter_TO_Ceres,ORDER,1,960,64,1024,5576eb50cafc1d747c2448c49059e89c23eadeaa0e658aec8f1d4f0227013a15,False,True,OK
WL-00000143,143,direct,CLIENT@Saturn,2.375,2.375,57.0,205200.0,ORDER_Saturn_TO_Earth,ORDER,1,960,64,1024,956a14ec6f690ee155a683fa6f2b2650424365fab24672f627de7035039c9195,False,True,OK
WL-00000151,151,direct,CLIENT@Uranus,2.375,2.375,57.0,205200.0,ORDER_Uranus_TO_Ceres,ORDER,1,960,64,1024,affeae0c1ee053175def6e414672d5bf38e11525bfbe5fcbc72febba1b9eb1bc,False,True,OK
WL-00000159,159,direct,CLIENT@Neptune,2.375,2.375,57.0,205200.0,ORDER_Neptune_TO_Earth,ORDER,1,960,64,1024,6563c4a8dac491d86d96156b943d48bf73481d78949dfd0b42277705aaea5d65,False,True,OK
WL-00000136,136,direct,EXCHANGE@Ceres,2.376400462962963,2.376400462962963,57.033611111111114,205321.0,ORDER_RESPONSE_Ceres_TO_Jupiter,APPLICATION_CONTROL,1,960,64,1024,e8b58697051615aed7de1951b40a902b6731180e392f4a7ed9d3c13d5618a211,False,True,OK
WL-00000144,144,direct,EXCHANGE@Earth,2.376400462962963,2.376400462962963,57.033611111111114,205321.0,ORDER_RESPONSE_Earth_TO_Saturn,APPLICATION_CONTROL,1,960,64,1024,5b5ac8d252d69d3423b4946f6e4b2fb2a40fcdc86ac7f5a6ec1538fb2c49fda6,False,True,OK
WL-00000167,167,backbone,EXCHANGE@Mercury,2.5000115740740743,2.5000115740740743,60.00027777777778,216001.00000000003,BATCH_Mercury_TO_Ceres_2_P1,BATCH,1,960,64,1024,b3a6ea0fcf3037925ec28279842be36d14858a70e70b39053e2fa41eccfab645,False,True,OK
WL-00000175,175,backbone,EXCHANGE@Venus,2.5000115740740743,2.5000115740740743,60.00027777777778,216001.00000000003,BATCH_Venus_TO_Ceres_2_P1,BATCH,1,960,64,1024,cfd08bce02119ed532a5894f84e497b444f231678baa52a6cedef1c339dfcdf8,False,True,OK
WL-00000183,183,backbone,EXCHANGE@Earth,2.5000115740740743,2.5000115740740743,60.00027777777778,216001.00000000003,BATCH_Earth_TO_Ceres_2_P1,BATCH,3,960,64,1024,f34c06e1583ffa8b461739dc8ba7fce1f5ccfbb059b518f3c75350ac5479ebd2,False,True,OK
WL-00000191,191,backbone,EXCHANGE@Mars,2.5000115740740743,2.5000115740740743,60.00027777777778,216001.00000000003,BATCH_Mars_TO_Ceres_2_P1,BATCH,1,960,64,1024,27aef9278c22918cffab8a4a9f5a89492075cc6d65477eb62f8f7e6f31a9d6f2,False,True,OK
WL-00000192,192,backbone,EXCHANGE@Ceres,2.520764261672666,2.520764261672666,60.49834228014399,217794.03220851833,BATCH_CONFIRM_Ceres_TO_Mars_2_P1,CLEAR_CONFIRM,1,960,64,1024,2d301d9644f9b3225d91d71ecb74c587e1e2cd2afb0e56c3e5268647fc5536eb,False,True,OK
WL-00000184,184,backbone,EXCHANGE@Ceres,2.52303500613444,2.52303500613444,60.55284014722656,217990.22453001564,BATCH_CONFIRM_Ceres_TO_Earth_2_P1,CLEAR_CONFIRM,1,960,64,1024,8be6c9b49d0843fca1f45ce69bcb5428526fbd2522b9bf032fdaffff235f6711,False,True,OK
WL-00000176,176,backbone,EXCHANGE@Ceres,2.5250439856770597,2.5250439856770597,60.60105565624943,218163.80036249795,BATCH_CONFIRM_Ceres_TO_Venus_2_P1,CLEAR_CONFIRM,1,960,64,1024,30dfb921e74500f84f3927c74e4e8ead8b287a7d9fdf08f1bb1599d16b3b9e14,False,True,OK
WL-00000168,168,backbone,EXCHANGE@Ceres,2.529003676927064,2.529003676927064,60.69608824624954,218505.91768649835,BATCH_CONFIRM_Ceres_TO_Mercury_2_P1,CLEAR_CONFIRM,1,960,64,1024,4a377260858f52b59e986fee03fccddba64d8c5a0db871bc0c32d9dd1e06bc1e,False,True,OK
WL-00000137,137,direct,CLIENT@Jupiter,2.625,2.625,63.0,226800.0,ORDER_Jupiter_TO_Ceres,ORDER,1,960,64,1024,864ac712c479b988ff6edb9013e83320fdc09029fcf45a954d683eae138e95a6,False,True,OK
WL-00000145,145,direct,CLIENT@Saturn,2.625,2.625,63.0,226800.0,ORDER_Saturn_TO_Earth,ORDER,1,960,64,1024,d4cba396ad632366f408393d889770d68d2b9beb3cddadf3024b6fd7c8b975cf,False,True,OK
WL-00000153,153,direct,CLIENT@Uranus,2.625,2.625,63.0,226800.0,ORDER_Uranus_TO_Ceres,ORDER,1,960,64,1024,3699daf0b205c118f918311de8961ab71e5ae4db5976c94585a56bdfb0dfd319,False,True,OK
WL-00000161,161,direct,CLIENT@Neptune,2.625,2.625,63.0,226800.0,ORDER_Neptune_TO_Earth,ORDER,1,960,64,1024,f535d058c9e00726075f3cc6c668b8cf89705e8a33d996eb66ebef206e89a722,False,True,OK
WL-00000138,138,direct,EXCHANGE@Ceres,2.626412037037037,2.626412037037037,63.033888888888896,226922.0,ORDER_RESPONSE_Ceres_TO_Jupiter,APPLICATION_CONTROL,1,960,64,1024,cbd964a6e1d84996d7c2e68aa639a53abb1953b5bc6850a7c86ec551bcaa2258,False,True,OK
WL-00000146,146,direct,EXCHANGE@Earth,2.626412037037037,2.626412037037037,63.033888888888896,226922.0,ORDER_RESPONSE_Earth_TO_Saturn,APPLICATION_CONTROL,1,960,64,1024,fe3013a283745b96274e01e274408c17bb6b6971f549a1dba1449d11c757cd30,False,True,OK
WL-00000169,169,backbone,EXCHANGE@Mercury,2.7500115740740743,2.7500115740740743,66.00027777777778,237601.00000000003,BATCH_Mercury_TO_Ceres_3_P1,BATCH,1,960,64,1024,5b0c6f666647b2bb27ad809f79459adf8354a772183e3198c5a460536450442a,False,True,OK
WL-00000177,177,backbone,EXCHANGE@Venus,2.7500115740740743,2.7500115740740743,66.00027777777778,237601.00000000003,BATCH_Venus_TO_Ceres_3_P1,BATCH,1,960,64,1024,dd1f38570de4043d423864722cc0b83d6a0ede968ec67d9075c88cff7a0aff3a,False,True,OK
WL-00000185,185,backbone,EXCHANGE@Earth,2.7500115740740743,2.7500115740740743,66.00027777777778,237601.00000000003,BATCH_Earth_TO_Ceres_3_P1,BATCH,3,960,64,1024,f4f37e42aa3851c0f82608b6438efa0dbed0c273b562b7c51132845983a67e63,False,True,OK
WL-00000193,193,backbone,EXCHANGE@Mars,2.7500115740740743,2.7500115740740743,66.00027777777778,237601.00000000003,BATCH_Mars_TO_Ceres_3_P1,BATCH,1,960,64,1024,98995bd2b2cffba0272c744dd06751af6f6d0d2d545a426dc496552afee7f00c,False,True,OK
WL-00000194,194,backbone,EXCHANGE@Ceres,2.7707750637706585,2.7707750637706585,66.4986015304958,239394.9655097849,BATCH_CONFIRM_Ceres_TO_Mars_3_P1,CLEAR_CONFIRM,1,960,64,1024,feb76f2ba589436e779dd8ab86f95aafbe17fe2aa534a9c0c13b0481d2b5028a,False,True,OK
WL-00000186,186,backbone,EXCHANGE@Ceres,2.773018706574794,2.773018706574794,66.55244895779506,239588.8162480622,BATCH_CONFIRM_Ceres_TO_Earth_3_P1,CLEAR_CONFIRM,1,960,64,1024,dfd74e02e0a66b6fd726ac18f571d52914525b2eca92eb289751453f750f6a09,False,True,OK
WL-00000178,178,backbone,EXCHANGE@Ceres,2.7750203043113464,2.7750203043113464,66.6004873034723,239761.75429250032,BATCH_CONFIRM_Ceres_TO_Venus_3_P1,CLEAR_CONFIRM,1,960,64,1024,2cefef787ed445cf4c2969e450b5f6e830cf81698b6e7b3dc93153258a3be383,False,True,OK
WL-00000170,170,backbone,EXCHANGE@Ceres,2.778994798767558,2.778994798767558,66.69587517042139,240105.150613517,BATCH_CONFIRM_Ceres_TO_Mercury_3_P1,CLEAR_CONFIRM,1,960,64,1024,0e5afaaf2f8c9285dc1b87462eb7d5a7632a37b98b5aee5492748ef0d50b9d52,False,True,OK
WL-00000139,139,direct,CLIENT@Jupiter,2.875,2.875,69.0,248400.0,ORDER_Jupiter_TO_Ceres,ORDER,1,960,64,1024,5a4dc26df8037ea432d7863bc271c56c1c68e39b33710dfda3d65ddb18e29110,False,True,OK
WL-00000147,147,direct,CLIENT@Saturn,2.875,2.875,69.0,248400.0,ORDER_Saturn_TO_Earth,ORDER,1,960,64,1024,b5aaef0412a706757f120e5af90bfdea7f227eacfee3f5b25b646438a46ad8a8,False,True,OK
WL-00000155,155,direct,CLIENT@Uranus,2.875,2.875,69.0,248400.0,ORDER_Uranus_TO_Ceres,ORDER,1,960,64,1024,f41ebde651aafc916ee110311a997ebe65afd45ad3d8b92de3904cbec682666e,False,True,OK
WL-00000163,163,direct,CLIENT@Neptune,2.875,2.875,69.0,248400.0,ORDER_Neptune_TO_Earth,ORDER,1,960,64,1024,bd9d34168915c1a3bf711388a9e8b6029cc4221c16e6d880e91dde25327a0f78,False,True,OK
WL-00000140,140,direct,EXCHANGE@Ceres,2.876423611111111,2.876423611111111,69.03416666666666,248523.0,ORDER_RESPONSE_Ceres_TO_Jupiter,APPLICATION_CONTROL,1,960,64,1024,52a898636ba3d283c3fca5f4e0c8ce37cad74b61b20be861e9170787ae55e348,False,True,OK
WL-00000148,148,direct,EXCHANGE@Earth,2.876423611111111,2.876423611111111,69.03416666666666,248523.0,ORDER_RESPONSE_Earth_TO_Saturn,APPLICATION_CONTROL,1,960,64,1024,dca540ad86116dd41fb41822fe5640d5bc2bf4e232a676bacfc57e9f8d62a438,False,True,OK
WL-00000150,150,direct,EXCHANGE@Ceres,2.126388888888889,2.8771180555555556,69.05083333333333,248583.0,ORDER_RESPONSE_Ceres_TO_Uranus,APPLICATION_CONTROL,1,960,64,1024,2bf441ec2047fddc8cc9a925d1937fcf94bb2ee2eeefca08d2345f2bd373e7a9,False,True,OK
WL-00000158,158,direct,EXCHANGE@Earth,2.126388888888889,2.8771180555555556,69.05083333333333,248583.0,ORDER_RESPONSE_Earth_TO_Neptune,APPLICATION_CONTROL,1,960,64,1024,d29d4c9d98f5cb9085f8352ab32c978e76ace109086f2d673e174b2e5bc190d9,False,True,OK
WL-00000152,152,direct,EXCHANGE@Ceres,2.376400462962963,2.8778125,69.0675,248643.0,ORDER_RESPONSE_Ceres_TO_Uranus,APPLICATION_CONTROL,1,960,64,1024,98b161b328ed1cad84598c6b81bdf6a37fc5c1a99e0360e2664edf68fbf927b9,False,True,OK
WL-00000160,160,direct,EXCHANGE@Earth,2.376400462962963,2.8778125,69.0675,248643.0,ORDER_RESPONSE_Earth_TO_Neptune,APPLICATION_CONTROL,1,960,64,1024,3081b711704e9f648f3f87ee534b3524074b4e83f61e81ec825015494a83cb2e,False,True,OK
WL-00000154,154,direct,EXCHANGE@Ceres,2.626412037037037,2.8785069444444447,69.08416666666668,248703.00000000003,ORDER_RESPONSE_Ceres_TO_Uranus,APPLICATION_CONTROL,1,960,64,1024,6e977bf48f793eea74e84361353d9105eefe7b383f37e2359a3a94da1e0ba7ad,False,True,OK
WL-00000162,162,direct,EXCHANGE@Earth,2.626412037037037,2.8785069444444447,69.08416666666668,248703.00000000003,ORDER_RESPONSE_Earth_TO_Neptune,APPLICATION_CONTROL,1,960,64,1024,008a6ef173a9ff78827b1330480a2797d2456db3e35a450f0dec484cb936003c,False,True,OK
WL-00000156,156,direct,EXCHANGE@Ceres,2.876423611111111,2.879201388888889,69.10083333333334,248763.00000000003,ORDER_RESPONSE_Ceres_TO_Uranus,APPLICATION_CONTROL,1,960,64,1024,22f052cd2e159a562892adddd9531f72b0888890782fc9439a1b731db8d7f573,False,True,OK
WL-00000164,164,direct,EXCHANGE@Earth,2.876423611111111,2.879201388888889,69.10083333333334,248763.00000000003,ORDER_RESPONSE_Earth_TO_Neptune,APPLICATION_CONTROL,1,960,64,1024,5834fb1a13b81a0fba86e443784ac0a8dfa5406ea4ce342ad7b10723f46d6389,False,True,OK
WL-00000171,171,backbone,EXCHANGE@Mercury,3.0000115740740743,3.0000115740740743,72.00027777777778,259201.00000000003,BATCH_Mercury_TO_Ceres_4_P1,BATCH,1,960,64,1024,e4c8786b8bdd5e8508973cbc7e7ec45561e9fc8a1d5eedf161a091259e602331,False,True,OK
WL-00000179,179,backbone,EXCHANGE@Venus,3.0000115740740743,3.0000115740740743,72.00027777777778,259201.00000000003,BATCH_Venus_TO_Ceres_4_P1,BATCH,1,960,64,1024,3f34bc31ca2761da62b2102b20ec8e6484dac9f63a2ee218737d743366f06a20,False,True,OK
WL-00000187,187,backbone,EXCHANGE@Earth,3.0000115740740743,3.0000115740740743,72.00027777777778,259201.00000000003,BATCH_Earth_TO_Ceres_4_P1,BATCH,3,960,64,1024,22395366c75320258a8362958218947dd1be3c33a41858a703a796eb7caf2272,False,True,OK
WL-00000195,195,backbone,EXCHANGE@Mars,3.0000115740740743,3.0000115740740743,72.00027777777778,259201.00000000003,BATCH_Mars_TO_Ceres_4_P1,BATCH,1,960,64,1024,0bb90af83c95f9454757372c6b99c0ff204b5655698c289822f4ced8e6767c8f,False,True,OK
WL-00000196,196,backbone,EXCHANGE@Ceres,3.0207858757916646,3.0207858757916646,72.49886101899995,260995.89966839983,BATCH_CONFIRM_Ceres_TO_Mars_4_P1,CLEAR_CONFIRM,1,960,64,1024,f63d1a4511248cdafe4df829930268075ad40fadc744c69a14a2042cdb1c3f28,False,True,OK
WL-00000188,188,backbone,EXCHANGE@Ceres,3.0230024465586087,3.0230024465586087,72.55205871740661,261187.4113826638,BATCH_CONFIRM_Ceres_TO_Earth_4_P1,CLEAR_CONFIRM,1,960,64,1024,81289f367216727c096b3d2e55fb366b39cbb89d1d3e03b786940b543512261b,False,True,OK
WL-00000180,180,backbone,EXCHANGE@Ceres,3.024996663607799,3.024996663607799,72.59991992658718,261359.71173571385,BATCH_CONFIRM_Ceres_TO_Venus_4_P1,CLEAR_CONFIRM,1,960,64,1024,0c7f13da177964439f38ac6579fe1553f41ee59fd69e3d4c99d732f7e93af303,False,True,OK
WL-00000172,172,backbone,EXCHANGE@Ceres,3.0289855604001654,3.0289855604001654,72.69565344960397,261704.3524185743,BATCH_CONFIRM_Ceres_TO_Mercury_4_P1,CLEAR_CONFIRM,1,960,64,1024,a7619b2e4a53a50feb5fedec2faf45279693e2f420f5924b0707df46a22329e0,False,True,OK
