t_h,actor,category,event,detail,link,launch_h,arrival_h,lost,attempt,financial_state_after,note
0.500000,Ceres,finance,BATCH OPENED,"BAT-000001 at Ceres, closes h 6.333",,,,,,"E-Alice $70,000@Earth; E-Alice 600 sh@Earth; N-Eve $55,000@Jupiter; N-Eve 500 sh@Jupiter | in transit $0 / 0 sh",closes in 5.83 h
1.000000,E-Alice,local,MESSAGE SENT,order: E-Alice → Earth Exchange (local),,,,,,,
1.000000,N-Eve,local,MESSAGE SENT,order: N-Eve → Jupiter Exchange (local),,,,,,,
1.000278,E-Alice,finance,ORDER STAMPED · RESERVED,E-Alice SELL 100 @ 45; 100 shares locked at Earth,,,,,,"E-Alice $70,000@Earth; E-Alice 600 sh@Earth (locked 100); N-Eve $55,000@Jupiter; N-Eve 500 sh@Jupiter | in transit $0 / 0 sh",Earth Exchange stamps the order (priority time h 1.0003) and locks collateral at Earth
1.000278,Earth Exchange,network,MESSAGE SENT,batch_order: Earth Exchange → Ceres Exchange (backbone),,,,,,,
1.000278,N-Eve,finance,ORDER STAMPED · RESERVED,"N-Eve BUY 100 @ 50; $5,000.00 locked at Jupiter",,,,,,"E-Alice $70,000@Earth; E-Alice 600 sh@Earth (locked 100); N-Eve $55,000@Jupiter (locked 5,000); N-Eve 500 sh@Jupiter | in transit $0 / 0 sh",Jupiter Exchange stamps the order (priority time h 1.0003) and locks collateral at Jupiter
1.000278,Jupiter Exchange,network,MESSAGE SENT,batch_order: Jupiter Exchange → Ceres Exchange (backbone),,,,,,,
1.000556,Earth,network,PACKET SENT,"batch_order: Earth → Relay A, lands h 1.3132",Earth -> Relay A,1.000556,1.313169,False,1,,
1.000556,Jupiter,network,PACKET SENT,"batch_order: Jupiter → Relay B, lands h 1.3465",Jupiter -> Relay B,1.000556,1.346462,False,1,,
1.313169,Relay A,transport,HOP RECEIPT,from Relay A,,,,,,,
1.313447,Relay A,transport,PACKET SENT,"hop receipt: Relay A → Earth, lands h 1.6260",Relay A -> Earth,1.313447,1.626005,False,1,,
1.313725,Relay A,network,PACKET SENT,"batch_order: Relay A → Ceres, lands h 1.5565",Relay A -> Ceres,1.313725,1.556458,False,1,,
1.346462,Relay B,transport,HOP RECEIPT,from Relay B,,,,,,,
1.346739,Relay B,transport,PACKET SENT,"hop receipt: Relay B → Jupiter, lands h 1.6926",Relay B -> Jupiter,1.346739,1.692644,False,1,,
1.347017,Relay B,network,PACKET SENT,"batch_order: Relay B → Ceres, lands h 1.6886",Relay B -> Ceres,1.347017,1.688567,False,1,,
1.556458,Ceres,transport,HOP RECEIPT,from Ceres,,,,,,,
1.556458,Ceres Exchange,network,RECEIVED,batch_order at Ceres Exchange,,,,,,,
1.556458,Ceres,finance,IN BATCH,BOR-000001 joins BAT-000001,,,,,,"E-Alice $70,000@Earth; E-Alice 600 sh@Earth (locked 100); N-Eve $55,000@Jupiter (locked 5,000); N-Eve 500 sh@Jupiter | in transit $0 / 0 sh",
1.556458,Ceres,transport,DATA ACK,from Ceres,,,,,,,
1.556736,Ceres,transport,PACKET SENT,"hop receipt: Ceres → Relay A, lands h 1.7994",Ceres -> Relay A,1.556736,1.799442,False,1,,
1.556736,Ceres,transport,PACKET SENT,"data ack: Ceres → Relay A, lands h 1.7994",Ceres -> Relay A,1.556736,1.799442,False,1,,
1.688567,Ceres,transport,HOP RECEIPT,from Ceres,,,,,,,
1.688567,Ceres Exchange,network,RECEIVED,batch_order at Ceres Exchange,,,,,,,
1.688567,Ceres,finance,IN BATCH,BOR-000002 joins BAT-000001,,,,,,"E-Alice $70,000@Earth; E-Alice 600 sh@Earth (locked 100); N-Eve $55,000@Jupiter (locked 5,000); N-Eve 500 sh@Jupiter | in transit $0 / 0 sh",
1.688567,Ceres,transport,DATA ACK,from Ceres,,,,,,,
1.688845,Ceres,transport,PACKET SENT,"hop receipt: Ceres → Relay B, lands h 2.0304",Ceres -> Relay B,1.688845,2.030430,False,1,,
1.688845,Ceres,transport,PACKET SENT,"data ack: Ceres → Relay B, lands h 2.0304",Ceres -> Relay B,1.688845,2.030430,False,1,,
1.799442,Relay A,transport,HOP RECEIPT,from Relay A,,,,,,,
1.799720,Relay A,transport,PACKET SENT,"hop receipt: Relay A → Ceres, lands h 2.0425",Relay A -> Ceres,1.799720,2.042455,False,1,,
1.799998,Relay A,transport,PACKET SENT,"data ack: Relay A → Earth, lands h 2.1125",Relay A -> Earth,1.799998,2.112522,False,1,,
2.030430,Relay B,transport,HOP RECEIPT,from Relay B,,,,,,,
2.030708,Relay B,transport,PACKET SENT,"hop receipt: Relay B → Ceres, lands h 2.3723",Relay B -> Ceres,2.030708,2.372254,False,1,,
2.030986,Relay B,transport,PACKET SENT,"data ack: Relay B → Jupiter, lands h 2.3769",Relay B -> Jupiter,2.030986,2.376896,False,1,,
2.112522,Earth,transport,HOP RECEIPT,from Earth,,,,,,,
2.112799,Earth,transport,PACKET SENT,"hop receipt: Earth → Relay A, lands h 2.4253",Earth -> Relay A,2.112799,2.425335,False,1,,
2.376896,Jupiter,transport,HOP RECEIPT,from Jupiter,,,,,,,
2.377174,Jupiter,transport,PACKET SENT,"hop receipt: Jupiter → Relay B, lands h 2.7231",Jupiter -> Relay B,2.377174,2.723091,False,1,,
6.332530,Ceres,finance,BATCH EXECUTED,BAT-000001 @ 47.50 · 1 trade(s),,,,,,"E-Alice $70,000@Earth; E-Alice 600 sh@Earth (locked 100); N-Eve $55,000@Jupiter (locked 5,000); N-Eve 500 sh@Jupiter | in transit $0 / 0 sh",
6.332530,Ceres Exchange,network,MESSAGE SENT,batch_result: Ceres Exchange → Earth Exchange (backbone),,,,,,,
6.332530,Ceres Exchange,network,MESSAGE SENT,batch_result: Ceres Exchange → Jupiter Exchange (backbone),,,,,,,
6.332808,Ceres,network,PACKET SENT,"batch_result: Ceres → Relay A, lands h 6.5755",Ceres -> Relay A,6.332808,6.575530,False,1,,
6.332808,Ceres,network,PACKET SENT,"batch_result: Ceres → Relay B, lands h 6.6744",Ceres -> Relay B,6.332808,6.674366,False,1,,
6.575530,Relay A,transport,HOP RECEIPT,from Relay A,,,,,,,
6.575808,Relay A,transport,PACKET SENT,"hop receipt: Relay A → Ceres, lands h 6.8186",Relay A -> Ceres,6.575808,6.818559,False,1,,
6.576086,Relay A,network,PACKET SENT,"batch_result: Relay A → Earth, lands h 6.8883",Relay A -> Earth,6.576086,6.888275,False,1,,
6.674366,Relay B,transport,HOP RECEIPT,from Relay B,,,,,,,
6.674644,Relay B,transport,PACKET SENT,"hop receipt: Relay B → Ceres, lands h 7.0162",Relay B -> Ceres,6.674644,7.016163,False,1,,
6.674921,Relay B,network,PACKET SENT,"batch_result: Relay B → Jupiter, lands h 7.0209",Relay B -> Jupiter,6.674921,7.020869,False,1,,
6.888275,Earth,transport,HOP RECEIPT,from Earth,,,,,,,
6.888275,Earth Exchange,network,RECEIVED,batch_result at Earth Exchange,,,,,,,
6.888275,Earth,finance,RESULT APPLIED AT HOME,BOR-000001: 100 shares → N-Eve (transfer XFR-000001),,,,,,"E-Alice $70,000@Earth; E-Alice 500 sh@Earth; N-Eve $55,000@Jupiter (locked 5,000); N-Eve 500 sh@Jupiter | in transit $0 / 100 sh",batch result applied at home
6.888275,Earth Exchange,network,MESSAGE SENT,transfer: Earth Exchange → Jupiter Exchange (backbone),,,,,,,
6.888275,Earth,transport,DATA ACK,from Earth,,,,,,,
6.888553,Earth,transport,PACKET SENT,"hop receipt: Earth → Relay A, lands h 7.2008",Earth -> Relay A,6.888553,7.200755,False,1,,
6.888553,Earth,network,PACKET SENT,"transfer: Earth → Relay B, lands h 7.3903",Earth -> Relay B,6.888553,7.390290,False,1,,
6.888553,Earth,transport,PACKET SENT,"data ack: Earth → Relay A, lands h 7.2008",Earth -> Relay A,6.888553,7.200755,False,1,,
7.020869,Jupiter,transport,HOP RECEIPT,from Jupiter,,,,,,,
7.020869,Jupiter Exchange,network,RECEIVED,batch_result at Jupiter Exchange,,,,,,,
7.020869,Jupiter,finance,RESULT APPLIED AT HOME,"BOR-000002: $4,750.00 → E-Alice (transfer XFR-000002); released 250.00",,,,,,"E-Alice $70,000@Earth; E-Alice 500 sh@Earth; N-Eve $50,250.00@Jupiter; N-Eve 500 sh@Jupiter | in transit $4,750.00 / 100 sh",batch result applied at home
7.020869,Jupiter Exchange,network,MESSAGE SENT,transfer: Jupiter Exchange → Earth Exchange (backbone),,,,,,,
7.020869,Jupiter,transport,DATA ACK,from Jupiter,,,,,,,
7.021147,Jupiter,transport,PACKET SENT,"hop receipt: Jupiter → Relay B, lands h 7.3671",Jupiter -> Relay B,7.021147,7.367102,False,1,,
7.021147,Jupiter,network,PACKET SENT,"transfer: Jupiter → Relay B, lands h 7.3671",Jupiter -> Relay B,7.021147,7.367102,False,1,,
7.021147,Jupiter,transport,PACKET SENT,"data ack: Jupiter → Relay B, lands h 7.3671",Jupiter -> Relay B,7.021147,7.367102,False,1,,
7.200755,Relay A,transport,HOP RECEIPT,from Relay A,,,,,,,
7.201032,Relay A,transport,PACKET SENT,"hop receipt: Relay A → Earth, lands h 7.5132",Relay A -> Earth,7.201032,7.513178,False,1,,
7.201310,Relay A,transport,PACKET SENT,"data ack: Relay A → Ceres, lands h 7.4441",Relay A -> Ceres,7.201310,7.444063,False,1,,
7.367102,Relay B,transport,HOP RECEIPT,from Relay B,,,,,,,
7.367102,Relay B,transport,HOP RECEIPT,from Relay B,,,,,,,
7.367380,Relay B,transport,PACKET SENT,"hop receipt: Relay B → Jupiter, lands h 7.7133",Relay B -> Jupiter,7.367380,7.713333,False,1,,
7.367380,Relay B,transport,PACKET SENT,"hop receipt: Relay B → Jupiter, lands h 7.7133",Relay B -> Jupiter,7.367380,7.713333,False,1,,
7.367657,Relay B,network,PACKET SENT,"transfer: Relay B → Earth, lands h 7.8693",Relay B -> Earth,7.367657,7.869340,False,1,,
7.367657,Relay B,transport,PACKET SENT,"data ack: Relay B → Ceres, lands h 7.7092",Relay B -> Ceres,7.367657,7.709172,False,1,,
7.390290,Relay B,transport,HOP RECEIPT,from Relay B,,,,,,,
7.390567,Relay B,transport,PACKET SENT,"hop receipt: Relay B → Earth, lands h 7.8922",Relay B -> Earth,7.390567,7.892248,False,1,,
7.390845,Relay B,network,PACKET SENT,"transfer: Relay B → Jupiter, lands h 7.7368",Relay B -> Jupiter,7.390845,7.736799,False,1,,
7.444063,Ceres,transport,HOP RECEIPT,from Ceres,,,,,,,
7.444341,Ceres,transport,PACKET SENT,"hop receipt: Ceres → Relay A, lands h 7.6871",Ceres -> Relay A,7.444341,7.687067,False,1,,
7.709172,Ceres,transport,HOP RECEIPT,from Ceres,,,,,,,
7.709450,Ceres,transport,PACKET SENT,"hop receipt: Ceres → Relay B, lands h 8.0510",Ceres -> Relay B,7.709450,8.051000,False,1,,
7.736799,Jupiter,transport,HOP RECEIPT,from Jupiter,,,,,,,
7.736799,Jupiter Exchange,network,RECEIVED,transfer at Jupiter Exchange,,,,,,,
7.736799,N-Eve,finance,VALIDATED · FINAL,XFR-000001: usable by N-Eve at Jupiter,,,,,,"E-Alice $70,000@Earth; E-Alice 500 sh@Earth; N-Eve $50,250.00@Jupiter; N-Eve 600 sh@Jupiter | in transit $4,750.00 / 0 sh",destination validates the locked commitment
7.736799,Jupiter Exchange,network,MESSAGE SENT,transfer_status: Jupiter Exchange → Earth Exchange (backbone),,,,,,,
7.736799,Jupiter,transport,DATA ACK,from Jupiter,,,,,,,
7.737077,Jupiter,transport,PACKET SENT,"hop receipt: Jupiter → Relay B, lands h 8.0830",Jupiter -> Relay B,7.737077,8.083037,False,1,,
7.737077,Jupiter,network,PACKET SENT,"transfer_status: Jupiter → Relay B, lands h 8.0830",Jupiter -> Relay B,7.737077,8.083037,False,1,,
7.737077,Jupiter,transport,PACKET SENT,"data ack: Jupiter → Relay B, lands h 8.0830",Jupiter -> Relay B,7.737077,8.083037,False,1,,
7.869340,Earth,transport,HOP RECEIPT,from Earth,,,,,,,
7.869340,Earth Exchange,network,RECEIVED,transfer at Earth Exchange,,,,,,,
7.869340,E-Alice,finance,VALIDATED · FINAL,XFR-000002: usable by E-Alice at Earth,,,,,,"E-Alice $74,750.00@Earth; E-Alice 500 sh@Earth; N-Eve $50,250.00@Jupiter; N-Eve 600 sh@Jupiter | in transit $0 / 0 sh",destination validates the locked commitment
7.869340,Earth Exchange,network,MESSAGE SENT,transfer_status: Earth Exchange → Jupiter Exchange (backbone),,,,,,,
7.869340,Earth,transport,DATA ACK,from Earth,,,,,,,
7.869617,Earth,transport,PACKET SENT,"hop receipt: Earth → Relay B, lands h 8.3713",Earth -> Relay B,7.869617,8.371311,False,1,,
7.869617,Earth,network,PACKET SENT,"transfer_status: Earth → Relay B, lands h 8.3713",Earth -> Relay B,7.869617,8.371311,False,1,,
7.869617,Earth,transport,PACKET SENT,"data ack: Earth → Relay B, lands h 8.3713",Earth -> Relay B,7.869617,8.371311,False,1,,
8.083037,Relay B,transport,HOP RECEIPT,from Relay B,,,,,,,
8.083037,Relay B,transport,HOP RECEIPT,from Relay B,,,,,,,
8.083315,Relay B,transport,PACKET SENT,"hop receipt: Relay B → Jupiter, lands h 8.4293",Relay B -> Jupiter,8.083315,8.429274,False,1,,
8.083315,Relay B,transport,PACKET SENT,"hop receipt: Relay B → Jupiter, lands h 8.4293",Relay B -> Jupiter,8.083315,8.429274,False,1,,
8.083593,Relay B,network,PACKET SENT,"transfer_status: Relay B → Earth, lands h 8.5852",Relay B -> Earth,8.083593,8.585244,False,1,,
8.083593,Relay B,transport,PACKET SENT,"data ack: Relay B → Earth, lands h 8.5852",Relay B -> Earth,8.083593,8.585244,False,1,,
8.371311,Relay B,transport,HOP RECEIPT,from Relay B,,,,,,,
8.371311,Relay B,transport,HOP RECEIPT,from Relay B,,,,,,,
8.371589,Relay B,transport,PACKET SENT,"hop receipt: Relay B → Earth, lands h 8.8732",Relay B -> Earth,8.371589,8.873227,False,1,,
8.371589,Relay B,transport,PACKET SENT,"hop receipt: Relay B → Earth, lands h 8.8732",Relay B -> Earth,8.371589,8.873227,False,1,,
8.371866,Relay B,network,PACKET SENT,"transfer_status: Relay B → Jupiter, lands h 8.7178",Relay B -> Jupiter,8.371866,8.717828,False,1,,
8.371866,Relay B,transport,PACKET SENT,"data ack: Relay B → Jupiter, lands h 8.7178",Relay B -> Jupiter,8.371866,8.717828,False,1,,
8.585244,Earth,transport,HOP RECEIPT,from Earth,,,,,,,
8.585244,Earth Exchange,network,RECEIVED,transfer_status at Earth Exchange,,,,,,,
8.585244,E-Alice,finance,SOURCE RECONCILED,XFR-000001 confirmed at the source,,,,,,"E-Alice $74,750.00@Earth; E-Alice 500 sh@Earth; N-Eve $50,250.00@Jupiter; N-Eve 600 sh@Jupiter | in transit $0 / 0 sh",source reconciles to the destination record
8.585244,Earth,transport,DATA ACK,from Earth,,,,,,,
8.585244,Earth,transport,HOP RECEIPT,from Earth,,,,,,,
8.585521,Earth,transport,PACKET SENT,"hop receipt: Earth → Relay B, lands h 9.0872",Earth -> Relay B,8.585521,9.087184,False,1,,
8.585521,Earth,transport,PACKET SENT,"data ack: Earth → Relay B, lands h 9.0872",Earth -> Relay B,8.585521,9.087184,False,1,,
8.585521,Earth,transport,PACKET SENT,"hop receipt: Earth → Relay B, lands h 9.0872",Earth -> Relay B,8.585521,9.087184,False,1,,
8.717828,Jupiter,transport,HOP RECEIPT,from Jupiter,,,,,,,
8.717828,Jupiter Exchange,network,RECEIVED,transfer_status at Jupiter Exchange,,,,,,,
8.717828,N-Eve,finance,SOURCE RECONCILED,XFR-000002 confirmed at the source,,,,,,"E-Alice $74,750.00@Earth; E-Alice 500 sh@Earth; N-Eve $50,250.00@Jupiter; N-Eve 600 sh@Jupiter | in transit $0 / 0 sh",source reconciles to the destination record
8.717828,Jupiter,transport,DATA ACK,from Jupiter,,,,,,,
8.717828,Jupiter,transport,HOP RECEIPT,from Jupiter,,,,,,,
8.718106,Jupiter,transport,PACKET SENT,"hop receipt: Jupiter → Relay B, lands h 9.0641",Jupiter -> Relay B,8.718106,9.064074,False,1,,
8.718106,Jupiter,transport,PACKET SENT,"data ack: Jupiter → Relay B, lands h 9.0641",Jupiter -> Relay B,8.718106,9.064074,False,1,,
8.718106,Jupiter,transport,PACKET SENT,"hop receipt: Jupiter → Relay B, lands h 9.0641",Jupiter -> Relay B,8.718106,9.064074,False,1,,
9.064074,Relay B,transport,HOP RECEIPT,from Relay B,,,,,,,
9.064352,Relay B,transport,PACKET SENT,"hop receipt: Relay B → Jupiter, lands h 9.4103",Relay B -> Jupiter,9.064352,9.410319,False,1,,
9.064630,Relay B,transport,PACKET SENT,"data ack: Relay B → Earth, lands h 9.5662",Relay B -> Earth,9.064630,9.566238,False,1,,
9.087184,Relay B,transport,HOP RECEIPT,from Relay B,,,,,,,
9.087462,Relay B,transport,PACKET SENT,"hop receipt: Relay B → Earth, lands h 9.5891",Relay B -> Earth,9.087462,9.589069,False,1,,
9.087739,Relay B,transport,PACKET SENT,"data ack: Relay B → Jupiter, lands h 9.4337",Relay B -> Jupiter,9.087739,9.433707,False,1,,
9.433707,Jupiter,transport,HOP RECEIPT,from Jupiter,,,,,,,
9.433985,Jupiter,transport,PACKET SENT,"hop receipt: Jupiter → Relay B, lands h 9.7800",Jupiter -> Relay B,9.433985,9.779959,False,1,,
9.566238,Earth,transport,HOP RECEIPT,from Earth,,,,,,,
9.566516,Earth,transport,PACKET SENT,"hop receipt: Earth → Relay B, lands h 10.0681",Earth -> Relay B,9.566516,10.068135,False,1,,
