scenario,title,checks_passed,checks_total,invariant_violations,end_h,completion_h,peak_locked_cash,peak_locked_cash_at_h,peak_locked_shares,cash_hours,share_hours,capital_required,capital_utilization,value_settled,capital_efficiency,completed_transactions,packets_backbone_quota,packets_local,packets_direct,launches,lost_launches,communication_efficiency,largest_buyer_exposure,futures_exposure
local-trade,Local trade,9,9,0,1.500278,1.500278,4200.000000,1.500278,100.000000,0.000000,50.000000,4200.000000,0.013548,4000.000000,1.050000,1,0,2,0,0,0,80.000000,4000.000000,
cross-planet,Cross-planet trade,11,11,0,47.811661,39.464248,5000.000000,1.000278,100.000000,171451.502771,3073.818058,5000.000000,0.016129,4750.000000,1.052632,1,8,2,0,64,0,152.000000,4750.000000,
equal-price,Equal-price auction,6,6,0,56.647694,48.411357,2000.000000,10.016944,10.000000,65016.981000,306.836993,2000.000000,0.006452,1000.000000,2.000000,1,10,3,0,80,0,171.000000,1000.000000,
exact-tie,Exact tie / pro-rata,4,4,0,56.814004,48.467082,2000.000000,10.000278,15.000000,61423.964442,514.400738,2000.000000,0.006452,1500.000000,1.333333,2,14,3,0,112,0,103.500000,800.000000,
partial-fill,Partial fill,5,5,0,47.811661,39.464248,5000.000000,1.000278,60.000000,171451.502771,1844.290835,5000.000000,0.016129,2850.000000,1.754386,1,8,2,0,64,0,152.000000,2850.000000,
late-order,Late order,9,9,0,108.803530,101.695990,3200.000000,69.979338,10.000000,132217.054232,775.659324,3200.000000,0.010323,2610.000000,1.226054,3,22,7,0,176,0,94.333333,1125.000000,
limit-protection,Limit-price protection,8,8,0,47.611019,39.397182,4740.000000,1.000278,70.000000,150767.991626,2135.049702,4740.000000,0.015290,3325.000000,1.425564,3,16,5,0,128,0,75.666667,1900.000000,
cancel-before,Cancellation before execution,6,6,0,32.292876,,1000.000000,1.000278,10.000000,9210.207189,307.381806,1000.000000,0.003226,0.000000,,0,5,3,0,40,0,,0.000000,
cancel-after,Cancellation after execution,4,4,0,47.811661,39.464248,1000.000000,1.000278,10.000000,34290.300554,307.381806,1000.000000,0.003226,975.000000,1.025641,1,9,3,0,72,0,162.000000,975.000000,
retry-duplicate,Packet retry / duplicate protection,8,8,0,53.606883,44.638219,5000.000000,1.000278,100.000000,171451.502771,3073.818058,5000.000000,0.016129,4750.000000,1.052632,1,10,2,0,81,1,171.000000,4750.000000,
uncertain-lock,Uncertain settlement locking,6,6,0,62.333037,39.464248,5000.000000,1.000278,100.000000,171451.502771,3073.818058,5000.000000,0.016129,4750.000000,1.052632,1,12,2,0,108,9,200.000000,4750.000000,
finality,Settlement finality,4,4,0,47.811661,39.464248,5000.000000,1.000278,600.000000,171451.502771,10213.393797,5000.000000,0.016129,4750.000000,1.052632,1,8,2,0,64,0,152.000000,4750.000000,
futures-opening,Futures opening,7,7,0,12.815763,4.605045,75000.000000,4.605045,0.000000,813244.085860,0.000000,75000.000000,0.241935,75000.000000,1.000000,4,8,0,0,64,0,47.250000,0.000000,"long N-Eve max loss $100,000 (index to 0); short E-Alice unbounded, covered by margin + guarantee fund"
margin-call,Margin call,8,8,0,302.120955,301.045971,93700.000000,224.734899,0.000000,25989277.392345,0.000000,93700.000000,0.302258,213700.000000,0.438465,11,50,0,0,400,0,51.545455,0.000000,"long N-Eve max loss $100,000 (index to 0); short E-Alice unbounded, covered by margin + guarantee fund"
funded-default,Funded default,8,8,0,301.017244,61.050239,75000.000000,4.605045,0.000000,14731741.422237,0.000000,75000.000000,0.241935,197000.000000,0.380711,6,36,0,0,288,0,73.500000,0.000000,"long N-Eve max loss $100,000 (index to 0); short E-Alice unbounded, covered by margin + guarantee fund"
disconnection,Disconnection,5,5,0,107.942364,106.818000,2050.000000,2.000278,50.000000,27835.163040,2064.136576,2050.000000,0.006613,2910.000000,0.704467,2,8,2,0,76,12,82.000000,2000.000000,
clearing-outage,Clearing-house outage/recovery,5,5,0,85.815049,73.489640,75000.000000,81.706276,50.000000,4360659.766694,0.013889,75000.000000,0.241935,77000.000000,0.974026,5,10,0,0,149,47,55.200000,2000.000000,"long N-Eve max loss $100,000 (index to 0); short E-Alice unbounded, covered by margin + guarantee fund"
futures-rising,"MOI future, rising path (price-rising run)",0,0,0,312.865459,304.627201,97000.000000,169.593664,0.000000,27709625.514637,0.000000,97000.000000,0.312903,217000.000000,0.447005,12,53,0,0,424,0,49.500000,0.000000,"long N-Eve max loss $100,000 (index to 0); short E-Alice unbounded, covered by margin + guarantee fund"
