time_days,actor,local_knowledge,action,transmission,arrival,financial_state_after,event_id,obligation_id
0.1668195446372292,Exchange@Earth,"{'buyer_order': True, 'seller_order': True}",Lock buyer cash and seller shares,,,"{'MERCURY_A': {'account_id': 'MERCURY_A', 'settlement': 'Mercury', 'cash_available': 20000.0, 'shares_available': 0.0, 'cash_encumbered': 0.0, 'shares_encumbered': 0.0}, 'VENUS_A': {'account_id': 'VENUS_A', 'settlement': 'Venus', 'cash_available': 25000.0, 'shares_available': 200.0, 'cash_encumbered': 0.0, 'shares_encumbered': 0.0}, 'EARTH_A': {'account_id': 'EARTH_A', 'settlement': 'Earth', 'cash_available': 70000.0, 'shares_available': 100.0, 'cash_encumbered': 5000.0, 'shares_encumbered': 0.0}, 'MARS_A': {'account_id': 'MARS_A', 'settlement': 'Mars', 'cash_available': 80000.0, 'shares_available': 200.0, 'cash_encumbered': 0.0, 'shares_encumbered': 0.0}, 'CERES_A': {'account_id': 'CERES_A', 'settlement': 'Ceres', 'cash_available': 40000.0, 'shares_available': 800.0, 'cash_encumbered': 0.0, 'shares_encumbered': 0.0}, 'JUPITER_A': {'account_id': 'JUPITER_A', 'settlement': 'Jupiter', 'cash_available': 60000.0, 'shares_available': 700.0, 'cash_encumbered': 0.0, 'shares_encumbered': 0.0}, 'SATURN_A': {'account_id': 'SATURN_A', 'settlement': 'Saturn', 'cash_available': 55000.0, 'shares_available': 800.0, 'cash_encumbered': 0.0, 'shares_encumbered': 0.0}, 'URANUS_A': {'account_id': 'URANUS_A', 'settlement': 'Uranus', 'cash_available': 65000.0, 'shares_available': 1000.0, 'cash_encumbered': 0.0, 'shares_encumbered': 0.0}, 'NEPTUNE_A': {'account_id': 'NEPTUNE_A', 'settlement': 'Neptune', 'cash_available': 80000.0, 'shares_available': 1150.0, 'cash_encumbered': 0.0, 'shares_encumbered': 50.0}}",,EQ-000001
0.1668195446372292,Transport@Earth,"{'route': ['Earth', 'Relay A', 'Ceres'], 'endpoint_attempt': 1}",Endpoint attempt enqueued with R_e timer,"{'purpose': 'SYN', 'T0_days': 0.023165819540433646, 'R_e_days': 1.0463316390808672, 'retry_deadline_days': 1.2131511837180964, 'status': 'DELIVERED'}",0.18998536417766285,,MSG-000005,
0.19000851232581098,Transport@Ceres,"{'queue_depth_before': 1, 'known_geometry_and_maintenance': True}",Launch after FIFO / next-open-link wait,"{'sender': 'Ceres', 'receiver': 'Relay A', 'purpose': 'SYN_ACK', 'queue_wait_seconds': 0.999999999999357, 'known_link_wait_seconds': 0.0, 'emission_time_days': 0.19000851232581098}",0.2001217091842928,,MSG-000006,
0.18998536417766285,Transport@Ceres,"{'route': ['Ceres', 'Relay A', 'Earth'], 'endpoint_attempt': 1}",Endpoint attempt enqueued with R_e timer,"{'purpose': 'SYN_ACK', 'T0_days': 0.023160985845899512, 'R_e_days': 1.046321971691799, 'retry_deadline_days': 1.2363073358694618, 'status': 'DELIVERED'}",0.21315792332631836,,MSG-000006,
0.2131810714744665,Transport@Earth,"{'queue_depth_before': 1, 'known_geometry_and_maintenance': True}",Launch after FIFO / next-open-link wait,"{'sender': 'Earth', 'receiver': 'Relay A', 'purpose': 'FINAL_ACK', 'queue_wait_seconds': 0.999999999999357, 'known_link_wait_seconds': 0.0, 'emission_time_days': 0.2131810714744665}",0.22619463016168914,,MSG-000007,
0.23633222705278883,Transport@Earth,"{'session_id': 'SES-000001', 'route': ['Earth', 'Relay A', 'Ceres']}",Session established after SYN / SYN-ACK / final ACK,"{'session_id': 'SES-000001', 'route': ['Earth', 'Relay A', 'Ceres']}",0.23633222705278883,,SES-000001,
0.23633222705278883,Transport@Earth,"{'route': ['Earth', 'Relay A', 'Ceres'], 'endpoint_attempt': 1}",Endpoint attempt enqueued with R_e timer,"{'purpose': 'SELL_SIDE_CLEAR', 'T0_days': 0.023161185987641886, 'R_e_days': 1.0463223719752839, 'retry_deadline_days': 1.2826545990280727, 'status': 'DELIVERED'}",0.2594934130404307,,MSG-000004,
0.1668195446372292,Transport@Earth,"{'session_id': 'SES-000001', 'route': ['Earth', 'Relay A', 'Ceres']}",Reuse established backbone session,"{'session_id': 'SES-000001', 'route': ['Earth', 'Relay A', 'Ceres']}",0.1668195446372292,,SES-000001,
0.23635537520093697,Transport@Earth,"{'queue_depth_before': 1, 'known_geometry_and_maintenance': True}",Launch after FIFO / next-open-link wait,"{'sender': 'Earth', 'receiver': 'Relay A', 'purpose': 'BUY_SIDE_CLEAR', 'queue_wait_seconds': 6006.895760704352, 'known_link_wait_seconds': 0.0, 'emission_time_days': 0.23635537520093697}",0.24936731309419097,,MSG-000008,
0.24937888797767652,Transport@Relay A,"{'queue_depth_before': 1, 'known_geometry_and_maintenance': True}",Launch after FIFO / next-open-link wait,"{'sender': 'Relay A', 'receiver': 'Earth', 'purpose': 'HOP_RECEIPT:BUY_SIDE_CLEAR', 'queue_wait_seconds': 6.993315206926809e-05, 'known_link_wait_seconds': 0.0, 'emission_time_days': 0.24937888797767652}",0.26238851147944575,,MSG-000008,
0.24939046205175058,Transport@Relay A,"{'queue_depth_before': 1, 'known_geometry_and_maintenance': True}",Launch after FIFO / next-open-link wait,"{'sender': 'Relay A', 'receiver': 'Ceres', 'purpose': 'BUY_SIDE_CLEAR', 'queue_wait_seconds': 6.993315206926809e-05, 'known_link_wait_seconds': 0.0, 'emission_time_days': 0.24939046205175058}",0.25950498715264964,,MSG-000008,
0.1668195446372292,Transport@Earth,"{'route': ['Earth', 'Relay A', 'Ceres'], 'endpoint_attempt': 1}",Endpoint attempt enqueued with R_e timer,"{'purpose': 'BUY_SIDE_CLEAR', 'T0_days': 0.023165819540433646, 'R_e_days': 1.0463316390808672, 'retry_deadline_days': 1.2131511837180964, 'status': 'DELIVERED'}",0.25950498715264964,,MSG-000008,
0.25950498715264964,Transport@Ceres,"{'session_id': 'SES-000001', 'route': ['Ceres', 'Relay A', 'Earth']}",Reuse established backbone session,"{'session_id': 'SES-000001', 'route': ['Ceres', 'Relay A', 'Earth']}",0.25950498715264964,,SES-000001,
0.2595281353007978,Transport@Ceres,"{'queue_depth_before': 1, 'known_geometry_and_maintenance': True}",Launch after FIFO / next-open-link wait,"{'sender': 'Ceres', 'receiver': 'Relay A', 'purpose': 'SETTLEMENT_CONFIRM', 'queue_wait_seconds': 1.000000000001755, 'known_link_wait_seconds': 0.0, 'emission_time_days': 0.2595281353007978}",0.26964156115566473,,MSG-000009,
0.25950498715264964,Transport@Ceres,"{'route': ['Ceres', 'Relay A', 'Earth'], 'endpoint_attempt': 1}",Endpoint attempt enqueued with R_e timer,"{'purpose': 'SETTLEMENT_CONFIRM', 'T0_days': 0.023156354318076333, 'R_e_days': 1.0463127086361528, 'retry_deadline_days': 1.3058176957888024, 'status': 'DELIVERED'}",0.2826729147739453,,MSG-000009,
0.2826729147739453,Clearing@Ceres,{'cleared': True},Equity settlement spendable at both sides,,,"{'MERCURY_A': {'account_id': 'MERCURY_A', 'settlement': 'Mercury', 'cash_available': 20000.0, 'shares_available': 0.0, 'cash_encumbered': 0.0, 'shares_encumbered': 0.0}, 'VENUS_A': {'account_id': 'VENUS_A', 'settlement': 'Venus', 'cash_available': 25000.0, 'shares_available': 200.0, 'cash_encumbered': 0.0, 'shares_encumbered': 0.0}, 'EARTH_A': {'account_id': 'EARTH_A', 'settlement': 'Earth', 'cash_available': 70000.0, 'shares_available': 150.0, 'cash_encumbered': 0.0, 'shares_encumbered': 0.0}, 'MARS_A': {'account_id': 'MARS_A', 'settlement': 'Mars', 'cash_available': 80000.0, 'shares_available': 200.0, 'cash_encumbered': 0.0, 'shares_encumbered': 0.0}, 'CERES_A': {'account_id': 'CERES_A', 'settlement': 'Ceres', 'cash_available': 40000.0, 'shares_available': 800.0, 'cash_encumbered': 0.0, 'shares_encumbered': 0.0}, 'JUPITER_A': {'account_id': 'JUPITER_A', 'settlement': 'Jupiter', 'cash_available': 60000.0, 'shares_available': 700.0, 'cash_encumbered': 0.0, 'shares_encumbered': 0.0}, 'SATURN_A': {'account_id': 'SATURN_A', 'settlement': 'Saturn', 'cash_available': 55000.0, 'shares_available': 800.0, 'cash_encumbered': 0.0, 'shares_encumbered': 0.0}, 'URANUS_A': {'account_id': 'URANUS_A', 'settlement': 'Uranus', 'cash_available': 65000.0, 'shares_available': 1000.0, 'cash_encumbered': 0.0, 'shares_encumbered': 0.0}, 'NEPTUNE_A': {'account_id': 'NEPTUNE_A', 'settlement': 'Neptune', 'cash_available': 85000.0, 'shares_available': 1150.0, 'cash_encumbered': 0.0, 'shares_encumbered': 0.0}}",,EQ-000001
