settlement,relay,why,kind,t_h,year,closure_days,route_client,route_before,route_after,one_way_before_h,one_way_after_h
Mercury,Relay A,first closure,closure_start,1982.878464,0.226201,11.111194,Mercury,Mercury -> Relay B -> Ceres,Mercury -> Relay B -> Ceres,0.709919,0.709919
Mercury,Relay A,first closure,closure_end,2249.547112,0.256622,11.111194,Mercury,Mercury -> Relay A -> Ceres,Mercury -> Relay A -> Ceres,0.710852,0.710852
Mercury,Relay A,longest closure,closure_start,1712131.276863,195.314999,11.115425,Mercury,Mercury -> Relay B -> Ceres,Mercury -> Relay B -> Ceres,1.015104,1.015104
Mercury,Relay A,longest closure,closure_end,1712398.047066,195.345431,11.115425,Mercury,Mercury -> Relay B -> Ceres,Mercury -> Relay B -> Ceres,1.047110,1.047110
Mercury,Relay B,first closure,closure_start,525.813263,0.059983,8.665654,Mercury,Mercury -> Relay A -> Ceres,Mercury -> Relay A -> Ceres,0.655957,0.655957
Mercury,Relay B,first closure,closure_end,733.788963,0.083709,8.665654,Mercury,Mercury -> Relay A -> Ceres,Mercury -> Relay A -> Ceres,0.627639,0.627639
Mercury,Relay B,longest closure,closure_start,1701564.536316,194.109575,11.117348,Mercury,Mercury -> Relay A -> Ceres,Mercury -> Relay A -> Ceres,1.154087,1.154087
Mercury,Relay B,longest closure,closure_end,1701831.352661,194.140013,11.117348,Mercury,Mercury -> Relay B -> Ceres,Mercury -> Relay B -> Ceres,1.017244,1.017244
Venus,Relay A,first closure,closure_start,4039.719749,0.460840,14.381227,Venus,Venus -> Relay B -> Ceres,Venus -> Relay B -> Ceres,0.699093,0.699093
Venus,Relay A,first closure,closure_end,4384.869186,0.500213,14.381227,Venus,Venus -> Relay B -> Ceres,Venus -> Relay B -> Ceres,0.729474,0.729474
Venus,Relay A,longest closure,closure_start,1713562.973007,195.478322,14.381348,Venus,Venus -> Relay B -> Ceres,Venus -> Relay B -> Ceres,1.024329,1.024329
Venus,Relay A,longest closure,closure_end,1713908.125351,195.517696,14.381348,Venus,Venus -> Relay B -> Ceres,Venus -> Relay B -> Ceres,1.058322,1.058322
Venus,Relay B,first closure,closure_start,5619.128128,0.641014,13.618635,Venus,Venus -> Relay A -> Ceres,Venus -> Relay A -> Ceres,0.709639,0.709639
Venus,Relay B,first closure,closure_end,5945.975372,0.678300,13.618635,Venus,Venus -> Relay A -> Ceres,Venus -> Relay A -> Ceres,0.681504,0.681503
Venus,Relay B,longest closure,closure_start,160436.358536,18.302117,14.381132,Venus,Venus -> Relay A -> Ceres,Venus -> Relay A -> Ceres,0.935306,0.935306
Venus,Relay B,longest closure,closure_end,160781.505707,18.341490,14.381132,Venus,Venus -> Relay B -> Ceres,Venus -> Relay B -> Ceres,0.536262,0.536262
Earth,Relay A,first closure,closure_start,6667.940575,0.760659,20.561008,Earth,Earth -> Relay B -> Ceres,Earth -> Relay B -> Ceres,0.683148,0.683148
Earth,Relay A,first closure,closure_end,7161.404778,0.816952,20.561008,Earth,Earth -> Relay B -> Ceres,Earth -> Relay B -> Ceres,0.713148,0.713148
Earth,Relay A,longest closure,closure_start,6667.940575,0.760659,20.561008,Earth,Earth -> Relay B -> Ceres,Earth -> Relay B -> Ceres,0.683148,0.683148
Earth,Relay A,longest closure,closure_end,7161.404778,0.816952,20.561008,Earth,Earth -> Relay B -> Ceres,Earth -> Relay B -> Ceres,0.713148,0.713148
Earth,Relay B,first closure,closure_start,9504.505829,1.084247,19.682725,Earth,Earth -> Relay A -> Ceres,Earth -> Relay A -> Ceres,0.768276,0.768276
Earth,Relay B,first closure,closure_end,9976.891228,1.138135,19.682725,Earth,Earth -> Relay A -> Ceres,Earth -> Relay A -> Ceres,0.737926,0.737926
Earth,Relay B,longest closure,closure_start,830032.302086,94.687691,20.560845,Earth,Earth -> Relay A -> Ceres,Earth -> Relay A -> Ceres,0.874665,0.874665
Earth,Relay B,longest closure,closure_end,830525.762375,94.743984,20.560845,Earth,Earth -> Relay A -> Ceres,Earth -> Relay A -> Ceres,0.842443,0.842443
Mars,Relay A,first closure,closure_start,11504.883408,1.312444,27.679851,Mars,Mars -> Relay B -> Ceres,Mars -> Relay B -> Ceres,0.650825,0.650825
Mars,Relay A,first closure,closure_end,12169.199821,1.388227,27.679851,Mars,Mars -> Relay B -> Ceres,Mars -> Relay B -> Ceres,0.679809,0.679809
Mars,Relay A,longest closure,closure_start,1701896.577713,194.147454,45.244069,Mars,Mars -> Relay B -> Ceres,Mars -> Relay B -> Ceres,0.999613,0.999613
Mars,Relay A,longest closure,closure_end,1702982.435371,194.271325,45.244069,Mars,Mars -> Relay B -> Ceres,Mars -> Relay B -> Ceres,1.045321,1.045321
Mars,Relay B,first closure,closure_start,17426.170258,1.987927,41.481212,Mars,Mars -> Relay A -> Ceres,Mars -> Relay A -> Ceres,0.856833,0.856833
Mars,Relay B,first closure,closure_end,18421.719337,2.101497,41.481212,Mars,Mars -> Relay B -> Ceres,Mars -> Relay B -> Ceres,0.824226,0.824226
Mars,Relay B,longest closure,closure_start,1190552.208366,135.814763,45.182640,Mars,Mars -> Relay A -> Ceres,Mars -> Relay A -> Ceres,0.761431,0.761431
Mars,Relay B,longest closure,closure_end,1191636.591728,135.938466,45.182640,Mars,Mars -> Relay A -> Ceres,Mars -> Relay A -> Ceres,0.722683,0.722683
Ceres,Relay A,first closure,closure_start,418978.044594,47.795807,182.200184,Neptune,Neptune -> Relay B -> Ceres,Neptune -> Relay B -> Ceres,4.405473,4.405473
Ceres,Relay A,first closure,closure_end,423350.849007,48.294644,182.200184,Neptune,Neptune -> Relay B -> Ceres,Neptune -> Relay B -> Ceres,4.642869,4.642869
Ceres,Relay A,longest closure,closure_start,481471.083000,54.924833,190.188725,Neptune,Neptune -> Relay B -> Ceres,Neptune -> Relay B -> Ceres,5.046344,5.046344
Ceres,Relay A,longest closure,closure_end,486035.612411,55.445541,190.188725,Neptune,Neptune -> Relay B -> Ceres,Neptune -> Relay B -> Ceres,4.872506,4.872506
Ceres,Relay B,first closure,closure_start,742237.675278,84.672333,156.982317,Neptune,Neptune -> Relay A -> Ceres,Neptune -> Relay A -> Ceres,5.051458,5.051458
Ceres,Relay B,first closure,closure_end,746005.250885,85.102128,156.982317,Neptune,Neptune -> Relay B -> Ceres,Neptune -> Relay B -> Ceres,5.037567,5.037567
Ceres,Relay B,longest closure,closure_start,742237.675278,84.672333,156.982317,Neptune,Neptune -> Relay A -> Ceres,Neptune -> Relay A -> Ceres,5.051458,5.051458
Ceres,Relay B,longest closure,closure_end,746005.250885,85.102128,156.982317,Neptune,Neptune -> Relay B -> Ceres,Neptune -> Relay B -> Ceres,5.037567,5.037567
Jupiter,Relay A,first closure,closure_start,48685.321152,5.553881,50.873837,Jupiter,Jupiter -> Relay B -> Ceres,Jupiter -> Relay B -> Ceres,1.033004,1.033004
Jupiter,Relay A,first closure,closure_end,49906.293251,5.693166,50.873837,Jupiter,Jupiter -> Relay B -> Ceres,Jupiter -> Relay B -> Ceres,0.979429,0.979429
Jupiter,Relay A,longest closure,closure_start,398685.792252,45.480925,51.811147,Jupiter,Jupiter -> Relay B -> Ceres,Jupiter -> Relay B -> Ceres,1.242402,1.242402
Jupiter,Relay A,longest closure,closure_end,399929.259773,45.622777,51.811147,Jupiter,Jupiter -> Relay B -> Ceres,Jupiter -> Relay B -> Ceres,1.203212,1.203212
Jupiter,Relay B,first closure,closure_start,31713.307549,3.617763,45.230379,Jupiter,Jupiter -> Relay A -> Ceres,Jupiter -> Relay A -> Ceres,1.168118,1.168118
Jupiter,Relay B,first closure,closure_end,32798.836647,3.741597,45.230379,Jupiter,Jupiter -> Relay A -> Ceres,Jupiter -> Relay A -> Ceres,1.196355,1.196355
Jupiter,Relay B,longest closure,closure_start,1633618.552597,186.358493,50.454535,Jupiter,Jupiter -> Relay A -> Ceres,Jupiter -> Relay A -> Ceres,1.565153,1.565153
Jupiter,Relay B,longest closure,closure_end,1634829.461426,186.496630,50.454535,Jupiter,Jupiter -> Relay A -> Ceres,Jupiter -> Relay A -> Ceres,1.603587,1.603587
Saturn,Relay A,first closure,closure_start,20125.277687,2.295834,13.415628,Saturn,Saturn -> Relay B -> Ceres,Saturn -> Relay B -> Ceres,1.555914,1.555914
Saturn,Relay A,first closure,closure_end,20447.252769,2.332564,13.415628,Saturn,Saturn -> Relay B -> Ceres,Saturn -> Relay B -> Ceres,1.542320,1.542320
Saturn,Relay A,longest closure,closure_start,70679.410561,8.062903,31.140616,Saturn,Saturn -> Relay B -> Ceres,Saturn -> Relay B -> Ceres,1.537938,1.537938
Saturn,Relay A,longest closure,closure_end,71426.785355,8.148162,31.140616,Saturn,Saturn -> Relay B -> Ceres,Saturn -> Relay B -> Ceres,1.506340,1.506340
Saturn,Relay B,first closure,closure_start,7587.695435,0.865582,10.266858,Saturn,Saturn -> Relay A -> Ceres,Saturn -> Relay A -> Ceres,1.660226,1.660226
Saturn,Relay B,first closure,closure_end,7834.100029,0.893692,10.266858,Saturn,Saturn -> Relay A -> Ceres,Saturn -> Relay A -> Ceres,1.674378,1.674378
Saturn,Relay B,longest closure,closure_start,1102494.356277,125.769377,31.220800,Saturn,Saturn -> Relay A -> Ceres,Saturn -> Relay A -> Ceres,1.429770,1.429770
Saturn,Relay B,longest closure,closure_end,1103243.655487,125.854855,31.220800,Saturn,Saturn -> Relay A -> Ceres,Saturn -> Relay A -> Ceres,1.466631,1.466631
Uranus,Relay A,first closure,closure_start,23943.594521,2.731416,23.765836,Uranus,Uranus -> Relay B -> Ceres,Uranus -> Relay B -> Ceres,2.954653,2.954653
Uranus,Relay A,first closure,closure_end,24513.974579,2.796484,23.765836,Uranus,Uranus -> Relay B -> Ceres,Uranus -> Relay B -> Ceres,2.926909,2.926909
Uranus,Relay A,longest closure,closure_start,1085690.904030,123.852487,23.783174,Uranus,Uranus -> Relay B -> Ceres,Uranus -> Relay B -> Ceres,3.243691,3.243691
Uranus,Relay A,longest closure,closure_end,1086261.700195,123.917602,23.783174,Uranus,Uranus -> Relay A -> Ceres,Uranus -> Relay A -> Ceres,3.060468,3.060468
Uranus,Relay B,first closure,closure_start,12901.003716,1.471709,23.729255,Uranus,Uranus -> Relay A -> Ceres,Uranus -> Relay A -> Ceres,3.061982,3.061982
Uranus,Relay B,first closure,closure_end,13470.505829,1.536676,23.729255,Uranus,Uranus -> Relay A -> Ceres,Uranus -> Relay A -> Ceres,3.096920,3.096921
Uranus,Relay B,longest closure,closure_start,367710.420135,41.947344,23.797293,Uranus,Uranus -> Relay A -> Ceres,Uranus -> Relay A -> Ceres,3.387436,3.387436
Uranus,Relay B,longest closure,closure_end,368281.555161,42.012498,23.797293,Uranus,Uranus -> Relay A -> Ceres,Uranus -> Relay A -> Ceres,3.420024,3.420024
Neptune,Relay A,first closure,closure_start,16212.547028,1.849481,16.691446,Neptune,Neptune -> Relay B -> Ceres,Neptune -> Relay B -> Ceres,4.373915,4.373915
Neptune,Relay A,first closure,closure_end,16613.141739,1.895179,16.691446,Neptune,Neptune -> Relay B -> Ceres,Neptune -> Relay B -> Ceres,4.350644,4.350644
Neptune,Relay A,longest closure,closure_start,1261323.788773,143.888180,21.981830,Neptune,Neptune -> Relay B -> Ceres,Neptune -> Relay B -> Ceres,4.394647,4.394646
Neptune,Relay A,longest closure,closure_end,1261851.352684,143.948363,21.981830,Neptune,Neptune -> Relay B -> Ceres,Neptune -> Relay B -> Ceres,4.359006,4.359006
Neptune,Relay B,first closure,closure_start,5468.748093,0.623859,17.107597,Neptune,Neptune -> Relay A -> Ceres,Neptune -> Relay A -> Ceres,4.435235,4.435235
Neptune,Relay B,first closure,closure_end,5879.330429,0.670697,17.107597,Neptune,Neptune -> Relay A -> Ceres,Neptune -> Relay A -> Ceres,4.463411,4.463411
Neptune,Relay B,longest closure,closure_start,520903.201675,59.423135,22.025158,Neptune,Neptune -> Relay A -> Ceres,Neptune -> Relay A -> Ceres,4.939958,4.939958
Neptune,Relay B,longest closure,closure_end,521431.805466,59.483437,22.025158,Neptune,Neptune -> Relay A -> Ceres,Neptune -> Relay A -> Ceres,4.967946,4.967946
