epoch,offset_years,why,batch_length_h,slowest_from,run,ok,invariant_violations,checks_passed,checks_total,trade_complete_h,price,position_state,opened_h,calls,calls_met,paid,fund_used,settled_h,ran_past_h320,marks_sent,marks_delivered_by_h320,marks_abandoned,ran_until_h,pinned_routes,lost_launches,failed_checks
1 year,1.000000,brief offset,34.075201,Neptune,value_move,True,0,11,11,44.036621,47.50,,,0,0,,,,False,0,0,0,320,"{'Earth Exchange-Mars Exchange': ['Earth', 'Relay B', 'Mars'], 'Earth Exchange-Neptune Exchange': ['Earth', 'Relay A', 'Neptune'], 'Ceres Exchange-Earth Exchange': ['Earth', 'Relay B', 'Ceres'], 'Mars Exchange-Neptune Exchange': ['Mars', 'Relay B', 'Neptune'], 'Ceres Exchange-Mars Exchange': ['Mars', 'Relay B', 'Ceres'], 'Ceres Exchange-Neptune Exchange': ['Neptune', 'Relay A', 'Ceres']}",0,
1 year,1.000000,brief offset,34.075201,Neptune,price_falling,True,0,0,0,,,settled,5.153114,5,5,20000.00,0,300.543312,False,25,25,0,320,"{'Earth Exchange-Mars Exchange': ['Earth', 'Relay B', 'Mars'], 'Earth Exchange-Neptune Exchange': ['Earth', 'Relay A', 'Neptune'], 'Ceres Exchange-Earth Exchange': ['Earth', 'Relay B', 'Ceres'], 'Mars Exchange-Neptune Exchange': ['Mars', 'Relay B', 'Neptune'], 'Ceres Exchange-Mars Exchange': ['Mars', 'Relay B', 'Ceres'], 'Ceres Exchange-Neptune Exchange': ['Neptune', 'Relay A', 'Ceres'], 'Ceres Clearing-Earth Exchange': ['Earth', 'Relay B', 'Ceres'], 'Ceres Clearing-Mars Exchange': ['Mars', 'Relay B', 'Ceres'], 'Ceres Clearing-Neptune Exchange': ['Neptune', 'Relay A', 'Ceres']}",0,
1 year,1.000000,brief offset,34.075201,Neptune,price_rising,True,0,0,0,,,settled,5.153114,6,6,20000.00,0,300.543312,False,25,25,0,320,"{'Earth Exchange-Mars Exchange': ['Earth', 'Relay B', 'Mars'], 'Earth Exchange-Neptune Exchange': ['Earth', 'Relay A', 'Neptune'], 'Ceres Exchange-Earth Exchange': ['Earth', 'Relay B', 'Ceres'], 'Mars Exchange-Neptune Exchange': ['Mars', 'Relay B', 'Neptune'], 'Ceres Exchange-Mars Exchange': ['Mars', 'Relay B', 'Ceres'], 'Ceres Exchange-Neptune Exchange': ['Neptune', 'Relay A', 'Ceres'], 'Ceres Clearing-Earth Exchange': ['Earth', 'Relay B', 'Ceres'], 'Ceres Clearing-Mars Exchange': ['Mars', 'Relay B', 'Ceres'], 'Ceres Clearing-Neptune Exchange': ['Neptune', 'Relay A', 'Ceres']}",0,
10 years,10.000000,brief offset,31.399314,Neptune,value_move,True,0,11,11,40.594879,47.50,,,0,0,,,,False,0,0,0,320,"{'Earth Exchange-Mars Exchange': ['Earth', 'Relay B', 'Mars'], 'Earth Exchange-Neptune Exchange': ['Earth', 'Relay A', 'Neptune'], 'Ceres Exchange-Earth Exchange': ['Earth', 'Relay B', 'Ceres'], 'Mars Exchange-Neptune Exchange': ['Mars', 'Relay A', 'Neptune'], 'Ceres Exchange-Mars Exchange': ['Mars', 'Relay B', 'Ceres'], 'Ceres Exchange-Neptune Exchange': ['Neptune', 'Relay A', 'Ceres']}",0,
10 years,10.000000,brief offset,31.399314,Neptune,price_falling,True,0,0,0,,,settled,4.868123,5,5,20000.00,0,300.316574,False,25,25,0,320,"{'Earth Exchange-Mars Exchange': ['Earth', 'Relay B', 'Mars'], 'Earth Exchange-Neptune Exchange': ['Earth', 'Relay A', 'Neptune'], 'Ceres Exchange-Earth Exchange': ['Earth', 'Relay B', 'Ceres'], 'Mars Exchange-Neptune Exchange': ['Mars', 'Relay A', 'Neptune'], 'Ceres Exchange-Mars Exchange': ['Mars', 'Relay B', 'Ceres'], 'Ceres Exchange-Neptune Exchange': ['Neptune', 'Relay A', 'Ceres'], 'Ceres Clearing-Earth Exchange': ['Earth', 'Relay B', 'Ceres'], 'Ceres Clearing-Mars Exchange': ['Mars', 'Relay B', 'Ceres'], 'Ceres Clearing-Neptune Exchange': ['Neptune', 'Relay A', 'Ceres']}",0,
10 years,10.000000,brief offset,31.399314,Neptune,price_rising,True,0,0,0,,,settled,4.868123,6,6,20000.00,0,300.316574,False,25,25,0,320,"{'Earth Exchange-Mars Exchange': ['Earth', 'Relay B', 'Mars'], 'Earth Exchange-Neptune Exchange': ['Earth', 'Relay A', 'Neptune'], 'Ceres Exchange-Earth Exchange': ['Earth', 'Relay B', 'Ceres'], 'Mars Exchange-Neptune Exchange': ['Mars', 'Relay A', 'Neptune'], 'Ceres Exchange-Mars Exchange': ['Mars', 'Relay B', 'Ceres'], 'Ceres Exchange-Neptune Exchange': ['Neptune', 'Relay A', 'Ceres'], 'Ceres Clearing-Earth Exchange': ['Earth', 'Relay B', 'Ceres'], 'Ceres Clearing-Mars Exchange': ['Mars', 'Relay B', 'Ceres'], 'Ceres Clearing-Neptune Exchange': ['Neptune', 'Relay A', 'Ceres']}",0,
100 years,100.000000,brief offset,33.325431,Neptune,value_move,True,0,10,11,43.369683,47.50,,,0,0,,,,False,0,0,0,320,"{'Earth Exchange-Mars Exchange': ['Earth', 'Relay B', 'Mars'], 'Earth Exchange-Neptune Exchange': ['Earth', 'Relay B', 'Neptune'], 'Ceres Exchange-Earth Exchange': ['Earth', 'Relay A', 'Ceres'], 'Mars Exchange-Neptune Exchange': ['Mars', 'Relay B', 'Neptune'], 'Ceres Exchange-Mars Exchange': ['Mars', 'Relay A', 'Ceres'], 'Ceres Exchange-Neptune Exchange': ['Neptune', 'Relay B', 'Ceres']}",0,shares travelled the pinned route
100 years,100.000000,brief offset,33.325431,Neptune,price_falling,True,0,0,0,,,settled,5.425401,5,5,20000.00,0,300.845469,False,25,25,0,320,"{'Earth Exchange-Mars Exchange': ['Earth', 'Relay B', 'Mars'], 'Earth Exchange-Neptune Exchange': ['Earth', 'Relay B', 'Neptune'], 'Ceres Exchange-Earth Exchange': ['Earth', 'Relay A', 'Ceres'], 'Mars Exchange-Neptune Exchange': ['Mars', 'Relay B', 'Neptune'], 'Ceres Exchange-Mars Exchange': ['Mars', 'Relay A', 'Ceres'], 'Ceres Exchange-Neptune Exchange': ['Neptune', 'Relay B', 'Ceres'], 'Ceres Clearing-Earth Exchange': ['Earth', 'Relay A', 'Ceres'], 'Ceres Clearing-Mars Exchange': ['Mars', 'Relay A', 'Ceres'], 'Ceres Clearing-Neptune Exchange': ['Neptune', 'Relay B', 'Ceres']}",0,
100 years,100.000000,brief offset,33.325431,Neptune,price_rising,True,0,0,0,,,settled,5.425401,6,6,20000.00,0,300.845469,False,25,25,0,320,"{'Earth Exchange-Mars Exchange': ['Earth', 'Relay B', 'Mars'], 'Earth Exchange-Neptune Exchange': ['Earth', 'Relay B', 'Neptune'], 'Ceres Exchange-Earth Exchange': ['Earth', 'Relay A', 'Ceres'], 'Mars Exchange-Neptune Exchange': ['Mars', 'Relay B', 'Neptune'], 'Ceres Exchange-Mars Exchange': ['Mars', 'Relay A', 'Ceres'], 'Ceres Exchange-Neptune Exchange': ['Neptune', 'Relay B', 'Ceres'], 'Ceres Clearing-Earth Exchange': ['Earth', 'Relay A', 'Ceres'], 'Ceres Clearing-Mars Exchange': ['Mars', 'Relay A', 'Ceres'], 'Ceres Clearing-Neptune Exchange': ['Neptune', 'Relay B', 'Ceres']}",0,
hub loses a relay,54.924148,Ceres–Relay A closure of 190.2 d begins 6 h into the scenario,35.586358,Neptune,value_move,True,0,10,11,45.898142,47.50,,,0,0,,,,False,0,0,0,320,"{'Earth Exchange-Mars Exchange': ['Earth', 'Relay B', 'Mars'], 'Earth Exchange-Neptune Exchange': ['Earth', 'Relay B', 'Neptune'], 'Ceres Exchange-Earth Exchange': ['Earth', 'Relay B', 'Ceres'], 'Mars Exchange-Neptune Exchange': ['Mars', 'Relay A', 'Neptune'], 'Ceres Exchange-Mars Exchange': ['Mars', 'Relay B', 'Ceres'], 'Ceres Exchange-Neptune Exchange': ['Neptune', 'Relay B', 'Ceres']}",0,shares travelled the pinned route
hub loses a relay,54.924148,Ceres–Relay A closure of 190.2 d begins 6 h into the scenario,35.586358,Neptune,price_falling,True,0,0,0,,,open,5.546490,3,3,0,0,,True,25,8,17,2880,"{'Earth Exchange-Mars Exchange': ['Earth', 'Relay B', 'Mars'], 'Earth Exchange-Neptune Exchange': ['Earth', 'Relay B', 'Neptune'], 'Ceres Exchange-Earth Exchange': ['Earth', 'Relay B', 'Ceres'], 'Mars Exchange-Neptune Exchange': ['Mars', 'Relay A', 'Neptune'], 'Ceres Exchange-Mars Exchange': ['Mars', 'Relay B', 'Ceres'], 'Ceres Exchange-Neptune Exchange': ['Neptune', 'Relay B', 'Ceres'], 'Ceres Clearing-Earth Exchange': ['Earth', 'Relay B', 'Ceres'], 'Ceres Clearing-Mars Exchange': ['Mars', 'Relay B', 'Ceres'], 'Ceres Clearing-Neptune Exchange': ['Neptune', 'Relay B', 'Ceres']}",0,
hub loses a relay,54.924148,Ceres–Relay A closure of 190.2 d begins 6 h into the scenario,35.586358,Neptune,price_rising,True,0,0,0,,,open,5.546490,4,4,0,0,,True,25,8,17,2880,"{'Earth Exchange-Mars Exchange': ['Earth', 'Relay B', 'Mars'], 'Earth Exchange-Neptune Exchange': ['Earth', 'Relay B', 'Neptune'], 'Ceres Exchange-Earth Exchange': ['Earth', 'Relay B', 'Ceres'], 'Mars Exchange-Neptune Exchange': ['Mars', 'Relay A', 'Neptune'], 'Ceres Exchange-Mars Exchange': ['Mars', 'Relay B', 'Ceres'], 'Ceres Exchange-Neptune Exchange': ['Neptune', 'Relay B', 'Ceres'], 'Ceres Clearing-Earth Exchange': ['Earth', 'Relay B', 'Ceres'], 'Ceres Clearing-Mars Exchange': ['Mars', 'Relay B', 'Ceres'], 'Ceres Clearing-Neptune Exchange': ['Neptune', 'Relay B', 'Ceres']}",0,
slowest client,69.875428,Neptune → Ceres delay at its 200-year maximum (5.15 h),35.465642,Neptune,value_move,True,0,11,11,45.886346,47.50,,,0,0,,,,False,0,0,0,320,"{'Earth Exchange-Mars Exchange': ['Earth', 'Relay B', 'Mars'], 'Earth Exchange-Neptune Exchange': ['Earth', 'Relay A', 'Neptune'], 'Ceres Exchange-Earth Exchange': ['Earth', 'Relay A', 'Ceres'], 'Mars Exchange-Neptune Exchange': ['Mars', 'Relay B', 'Neptune'], 'Ceres Exchange-Mars Exchange': ['Mars', 'Relay B', 'Ceres'], 'Ceres Exchange-Neptune Exchange': ['Neptune', 'Relay A', 'Ceres']}",0,
slowest client,69.875428,Neptune → Ceres delay at its 200-year maximum (5.15 h),35.465642,Neptune,price_falling,True,0,0,0,,,settled,5.650210,5,5,20000.00,0,301.209747,False,25,25,0,320,"{'Earth Exchange-Mars Exchange': ['Earth', 'Relay B', 'Mars'], 'Earth Exchange-Neptune Exchange': ['Earth', 'Relay A', 'Neptune'], 'Ceres Exchange-Earth Exchange': ['Earth', 'Relay A', 'Ceres'], 'Mars Exchange-Neptune Exchange': ['Mars', 'Relay B', 'Neptune'], 'Ceres Exchange-Mars Exchange': ['Mars', 'Relay B', 'Ceres'], 'Ceres Exchange-Neptune Exchange': ['Neptune', 'Relay A', 'Ceres'], 'Ceres Clearing-Earth Exchange': ['Earth', 'Relay A', 'Ceres'], 'Ceres Clearing-Mars Exchange': ['Mars', 'Relay B', 'Ceres'], 'Ceres Clearing-Neptune Exchange': ['Neptune', 'Relay A', 'Ceres']}",0,
slowest client,69.875428,Neptune → Ceres delay at its 200-year maximum (5.15 h),35.465642,Neptune,price_rising,True,0,0,0,,,settled,5.650210,6,6,20000.00,0,301.209747,False,25,25,0,320,"{'Earth Exchange-Mars Exchange': ['Earth', 'Relay B', 'Mars'], 'Earth Exchange-Neptune Exchange': ['Earth', 'Relay A', 'Neptune'], 'Ceres Exchange-Earth Exchange': ['Earth', 'Relay A', 'Ceres'], 'Mars Exchange-Neptune Exchange': ['Mars', 'Relay B', 'Neptune'], 'Ceres Exchange-Mars Exchange': ['Mars', 'Relay B', 'Ceres'], 'Ceres Exchange-Neptune Exchange': ['Neptune', 'Relay A', 'Ceres'], 'Ceres Clearing-Earth Exchange': ['Earth', 'Relay A', 'Ceres'], 'Ceres Clearing-Mars Exchange': ['Mars', 'Relay B', 'Ceres'], 'Ceres Clearing-Neptune Exchange': ['Neptune', 'Relay A', 'Ceres']}",0,
most links closed,2.069815,4 settlement–relay links closed at once (most in 200 years),32.043881,Neptune,value_move,True,0,10,11,41.289199,47.50,,,0,0,,,,False,0,0,0,320,"{'Earth Exchange-Mars Exchange': ['Earth', 'Relay B', 'Relay A', 'Mars'], 'Earth Exchange-Neptune Exchange': ['Earth', 'Relay B', 'Neptune'], 'Ceres Exchange-Earth Exchange': ['Earth', 'Relay B', 'Ceres'], 'Mars Exchange-Neptune Exchange': ['Mars', 'Relay A', 'Neptune'], 'Ceres Exchange-Mars Exchange': ['Mars', 'Relay A', 'Ceres'], 'Ceres Exchange-Neptune Exchange': ['Neptune', 'Relay B', 'Ceres']}",0,shares travelled the pinned route
most links closed,2.069815,4 settlement–relay links closed at once (most in 200 years),32.043881,Neptune,price_falling,True,0,0,0,,,settled,4.764582,5,5,20000.00,0,300.824134,False,25,25,0,320,"{'Earth Exchange-Mars Exchange': ['Earth', 'Relay B', 'Relay A', 'Mars'], 'Earth Exchange-Neptune Exchange': ['Earth', 'Relay B', 'Neptune'], 'Ceres Exchange-Earth Exchange': ['Earth', 'Relay B', 'Ceres'], 'Mars Exchange-Neptune Exchange': ['Mars', 'Relay A', 'Neptune'], 'Ceres Exchange-Mars Exchange': ['Mars', 'Relay A', 'Ceres'], 'Ceres Exchange-Neptune Exchange': ['Neptune', 'Relay B', 'Ceres'], 'Ceres Clearing-Earth Exchange': ['Earth', 'Relay B', 'Ceres'], 'Ceres Clearing-Mars Exchange': ['Mars', 'Relay A', 'Ceres'], 'Ceres Clearing-Neptune Exchange': ['Neptune', 'Relay B', 'Ceres']}",0,
most links closed,2.069815,4 settlement–relay links closed at once (most in 200 years),32.043881,Neptune,price_rising,True,0,0,0,,,settled,4.764582,6,6,20000.00,0,300.824134,False,25,25,0,320,"{'Earth Exchange-Mars Exchange': ['Earth', 'Relay B', 'Relay A', 'Mars'], 'Earth Exchange-Neptune Exchange': ['Earth', 'Relay B', 'Neptune'], 'Ceres Exchange-Earth Exchange': ['Earth', 'Relay B', 'Ceres'], 'Mars Exchange-Neptune Exchange': ['Mars', 'Relay A', 'Neptune'], 'Ceres Exchange-Mars Exchange': ['Mars', 'Relay A', 'Ceres'], 'Ceres Exchange-Neptune Exchange': ['Neptune', 'Relay B', 'Ceres'], 'Ceres Clearing-Earth Exchange': ['Earth', 'Relay B', 'Ceres'], 'Ceres Clearing-Mars Exchange': ['Mars', 'Relay A', 'Ceres'], 'Ceres Clearing-Neptune Exchange': ['Neptune', 'Relay B', 'Ceres']}",0,
