packet_id,financial_message_id,service,sender,receiver,route,emission_time_days,arrival_time_days,distance_au,loss_probability,outcome,purpose,application_attempt,quota_exempt,origination_time_days,nominal_arrival_time_days,known_link_wait_seconds,transport_kind,endpoint_attempt,hop_launch_attempt,queue_depth_before,queue_wait_seconds
PKT-000021,MSG-000011,local,Mars,Mars,['Mars'],0.0,1.1574074074074073e-05,0.0,0.0,DELIVERED,FUTURE_LONG_ORDER,1.0,True,,,,,,,,
PKT-000022,MSG-000012,direct,Neptune,Earth,"['Neptune', 'Earth']",2.3148148148148147e-05,0.1668195446372292,28.87701626519298,0.9007547581096527,DELIVERED,FUTURE_SHORT_ORDER,1.0,False,0.0,0.1668195446372292,0.0,,,,,
PKT-000023,MSG-000014,backbone,Mars,Relay A,"['Mars', 'Relay A', 'Ceres']",0.16683111871130327,0.17732289847841173,1.8165399620820222,0.035678756020840585,DELIVERED,SYN,,False,,0.17732289847841173,0.0,DATA_OR_CONTROL,1.0,1.0,0.0,0.0
PKT-000024,MSG-000014,backbone,Relay A,Mars,"['Ceres', 'Relay A', 'Mars']",0.1773344725524858,0.18782770026183826,1.8167906578655226,0.03568359103411556,DELIVERED,HOP_RECEIPT:SYN,,True,,0.18782770026183826,0.0,HOP_RECEIPT,1.0,1.0,0.0,0.0
PKT-000023,MSG-000014,backbone,Relay A,Ceres,"['Mars', 'Relay A', 'Ceres']",0.17734604662655987,0.18746033441141083,1.7511812444613923,0.0344173957939633,DELIVERED,SYN,,False,,0.18746033441141083,0.0,DATA_OR_CONTROL,1.0,1.0,0.0,0.0
PKT-000025,MSG-000014,backbone,Ceres,Relay A,"['Ceres', 'Relay A', 'Mars']",0.1874719084854849,0.19758509699272675,1.7509909162472364,0.03441372023471412,DELIVERED,HOP_RECEIPT:SYN,,True,,0.19758509699272675,0.0,HOP_RECEIPT,1.0,1.0,0.0,0.0
PKT-000026,MSG-000015,backbone,Ceres,Relay A,"['Ceres', 'Relay A', 'Mars']",0.18748348255955896,0.19759667110490534,1.7509909228446299,0.03441372036212109,DELIVERED,SYN_ACK,,True,,0.19759667110490534,0.0,DATA_OR_CONTROL,1.0,1.0,1.0,0.999999999999357
PKT-000027,MSG-000015,backbone,Relay A,Ceres,"['Mars', 'Relay A', 'Ceres']",0.1976082451789794,0.20772259968338982,1.7511927962427585,0.034417618877920164,DELIVERED,HOP_RECEIPT:SYN_ACK,,True,,0.20772259968338982,0.0,HOP_RECEIPT,1.0,1.0,0.0,0.0
PKT-000026,MSG-000015,backbone,Relay A,Mars,"['Ceres', 'Relay A', 'Mars']",0.19761981925305347,0.20811384869512667,1.8169294693501776,0.03568626819424747,DELIVERED,SYN_ACK,,True,,0.20811384869512667,0.0,DATA_OR_CONTROL,1.0,1.0,0.0,0.0
PKT-000028,MSG-000015,backbone,Mars,Relay A,"['Mars', 'Relay A', 'Ceres']",0.20812542276920074,0.21861883427849083,1.8168224808678268,0.03568420478278633,DELIVERED,HOP_RECEIPT:SYN_ACK,,True,,0.21861883427849083,0.0,HOP_RECEIPT,1.0,1.0,0.0,0.0
PKT-000029,MSG-000016,backbone,Mars,Relay A,"['Mars', 'Relay A', 'Ceres']",0.2081369968432748,0.21863040880994297,1.8168225600579735,0.03568420631007252,DELIVERED,FINAL_ACK,,True,,0.21863040880994297,0.0,DATA_OR_CONTROL,1.0,1.0,1.0,0.999999999999357
PKT-000030,MSG-000016,backbone,Relay A,Mars,"['Ceres', 'Relay A', 'Mars']",0.21864198288401704,0.22913684323282038,1.8170733320039438,0.035689042764906254,DELIVERED,HOP_RECEIPT:FINAL_ACK,,True,,0.22913684323282038,0.0,HOP_RECEIPT,1.0,1.0,0.0,0.0
PKT-000029,MSG-000016,backbone,Relay A,Ceres,"['Mars', 'Relay A', 'Ceres']",0.2186535569580911,0.22876798078109656,1.7512047980194623,0.03441785065197489,DELIVERED,FINAL_ACK,,True,,0.22876798078109656,0.0,DATA_OR_CONTROL,1.0,1.0,0.0,0.0
PKT-000031,MSG-000016,backbone,Ceres,Relay A,"['Ceres', 'Relay A', 'Mars']",0.22877955485517062,0.2388928793968037,1.751014469153738,0.034414175081874276,DELIVERED,HOP_RECEIPT:FINAL_ACK,,True,,0.2388928793968037,0.0,HOP_RECEIPT,1.0,1.0,0.0,0.0
PKT-000032,MSG-000013,backbone,Mars,Relay A,"['Mars', 'Relay A', 'Ceres']",0.22877955485517062,0.23927378258945015,1.8169638015345067,0.03568693033395598,DELIVERED,FUTURE_LONG_CLEAR,,False,,0.23927378258945015,0.0,DATA_OR_CONTROL,1.0,1.0,0.0,0.0
PKT-000033,MSG-000013,backbone,Relay A,Mars,"['Ceres', 'Relay A', 'Mars']",0.2392853566635242,0.24978103299972246,1.8172146115336625,0.03569176750902758,DELIVERED,HOP_RECEIPT:FUTURE_LONG_CLEAR,,True,,0.24978103299972246,0.0,HOP_RECEIPT,1.0,1.0,0.0,0.0
PKT-000032,MSG-000013,backbone,Relay A,Ceres,"['Mars', 'Relay A', 'Ceres']",0.23929693073759828,0.24941142257549223,1.7512165740732581,0.034418078066894786,DELIVERED,FUTURE_LONG_CLEAR,,False,,0.24941142257549223,0.0,DATA_OR_CONTROL,1.0,1.0,0.0,0.0
PKT-000034,MSG-000013,backbone,Ceres,Relay A,"['Ceres', 'Relay A', 'Mars']",0.2494229966495663,0.25953638920420535,1.7510262448815996,0.034414402491365514,DELIVERED,HOP_RECEIPT:FUTURE_LONG_CLEAR,,True,,0.25953638920420535,0.0,HOP_RECEIPT,1.0,1.0,0.0,0.0
PKT-000035,MSG-000018,backbone,Earth,Relay A,"['Earth', 'Relay A', 'Ceres']",0.16683111871130327,0.17984791993129975,2.2537205430798273,0.04407365211660541,DELIVERED,SYN,,False,,0.17984791993129975,0.0,DATA_OR_CONTROL,1.0,1.0,0.0,0.0
PKT-000036,MSG-000018,backbone,Relay A,Earth,"['Ceres', 'Relay A', 'Earth']",0.17985949400537382,0.19287397874448234,2.253319469077342,0.04406598414172258,DELIVERED,HOP_RECEIPT:SYN,,True,,0.19287397874448234,0.0,HOP_RECEIPT,1.0,1.0,0.0,0.0
PKT-000035,MSG-000018,backbone,Relay A,Ceres,"['Earth', 'Relay A', 'Ceres']",0.23930850481167235,0.24942299668770568,1.7512165806766844,0.03441807819441778,DELIVERED,SYN,,False,,0.24942299668770568,0.0,DATA_OR_CONTROL,1.0,1.0,1.0,5135.394533664193
PKT-000037,MSG-000018,backbone,Ceres,Relay A,"['Ceres', 'Relay A', 'Earth']",0.24943457076177974,0.2595479633545571,1.7510262514848385,0.0344144026188854,DELIVERED,HOP_RECEIPT:SYN,,True,,0.2595479633545571,0.0,HOP_RECEIPT,1.0,1.0,0.0,0.0
PKT-000038,MSG-000019,backbone,Ceres,Relay A,"['Ceres', 'Relay A', 'Earth']",0.2494461448358538,0.25955953746676935,1.7510262580880591,0.03441440274640484,DELIVERED,SYN_ACK,,True,,0.25955953746676935,0.0,DATA_OR_CONTROL,1.0,1.0,1.0,0.999999999999357
PKT-000039,MSG-000019,backbone,Relay A,Ceres,"['Earth', 'Relay A', 'Ceres']",0.25957111154084345,0.26968567019668555,1.7512281428895788,0.03441830147966696,DELIVERED,HOP_RECEIPT:SYN_ACK,,True,,0.26968567019668555,0.0,HOP_RECEIPT,1.0,1.0,0.0,0.0
PKT-000038,MSG-000019,backbone,Relay A,Earth,"['Ceres', 'Relay A', 'Earth']",0.25958268561491754,0.27259159581747494,2.2523542974248674,0.04404753115534532,DELIVERED,SYN_ACK,,True,,0.27259159581747494,0.0,DATA_OR_CONTROL,1.0,1.0,0.0,0.0
PKT-000040,MSG-000019,backbone,Earth,Relay A,"['Earth', 'Relay A', 'Ceres']",0.27260316989154904,0.28561257320986955,2.2524396751691187,0.04404916349525967,DELIVERED,HOP_RECEIPT:SYN_ACK,,True,,0.28561257320986955,0.0,HOP_RECEIPT,1.0,1.0,0.0,0.0
PKT-000041,MSG-000020,backbone,Earth,Relay A,"['Earth', 'Relay A', 'Ceres']",0.27261474396562313,0.2856241464747542,2.252439535066582,0.04404916081663701,DELIVERED,FINAL_ACK,,True,,0.2856241464747542,0.0,DATA_OR_CONTROL,1.0,1.0,1.0,1.000000000001755
PKT-000042,MSG-000020,backbone,Relay A,Earth,"['Ceres', 'Relay A', 'Earth']",0.2856357205488283,0.2986428097571227,2.2520390116561173,0.04404150317215938,DELIVERED,HOP_RECEIPT:FINAL_ACK,,True,,0.2986428097571227,0.0,HOP_RECEIPT,1.0,1.0,0.0,0.0
PKT-000041,MSG-000020,backbone,Relay A,Ceres,"['Earth', 'Relay A', 'Ceres']",0.2856472946229024,0.29576193924679944,1.7512430273430069,0.034418588922740634,DELIVERED,FINAL_ACK,,True,,0.29576193924679944,0.0,DATA_OR_CONTROL,1.0,1.0,0.0,0.0
PKT-000043,MSG-000020,backbone,Ceres,Relay A,"['Ceres', 'Relay A', 'Earth']",0.29577351332087354,0.3058870586572844,1.7510526974187364,0.0344149133350079,DELIVERED,HOP_RECEIPT:FINAL_ACK,,True,,0.3058870586572844,0.0,HOP_RECEIPT,1.0,1.0,0.0,0.0
PKT-000044,MSG-000017,backbone,Earth,Relay A,"['Earth', 'Relay A', 'Ceres']",0.29577351332087354,0.30878129685067285,2.25215922603234,0.0440438015684842,DELIVERED,FUTURE_SHORT_CLEAR,,False,,0.30878129685067285,0.0,DATA_OR_CONTROL,1.0,1.0,0.0,0.0
PKT-000045,MSG-000017,backbone,Relay A,Earth,"['Ceres', 'Relay A', 'Earth']",0.30879287092474694,0.32179834185057743,2.2517588232771324,0.044036146187917735,DELIVERED,HOP_RECEIPT:FUTURE_SHORT_CLEAR,,True,,0.32179834185057743,0.0,HOP_RECEIPT,1.0,1.0,0.0,0.0
PKT-000044,MSG-000017,backbone,Relay A,Ceres,"['Earth', 'Relay A', 'Ceres']",0.30880444499882104,0.31891916599404124,1.751256250224496,0.034418844278078176,DELIVERED,FUTURE_SHORT_CLEAR,,False,,0.31891916599404124,0.0,DATA_OR_CONTROL,1.0,1.0,0.0,0.0
PKT-000046,MSG-000017,backbone,Ceres,Relay A,"['Ceres', 'Relay A', 'Earth']",0.31893074006811534,0.32904436177373303,1.7510659199338072,0.034415168684241326,DELIVERED,HOP_RECEIPT:FUTURE_SHORT_CLEAR,,True,,0.32904436177373303,0.0,HOP_RECEIPT,1.0,1.0,0.0,0.0
PKT-000047,MSG-000021,local,Ceres,Ceres,['Ceres'],5.0,5.000011574074074,0.0,0.0,DELIVERED,PRICE_OBSERVATION,1.0,True,,,,,,,,
PKT-000048,MSG-000022,local,Ceres,Ceres,['Ceres'],9.0,9.000011574074074,0.0,0.0,DELIVERED,PRICE_OBSERVATION,1.0,True,,,,,,,,
PKT-000049,MSG-000023,local,Ceres,Ceres,['Ceres'],10.0,10.000011574074074,0.0,0.0,DELIVERED,PRICE_OBSERVATION,1.0,True,,,,,,,,
PKT-000050,MSG-000025,backbone,Ceres,Relay A,"['Ceres', 'Relay A', 'Earth']",10.000023148148149,10.010170903045571,1.756975718683134,0.034529290180327354,DELIVERED,SYN,,False,,10.010170903045571,0.0,DATA_OR_CONTROL,1.0,1.0,0.0,0.0
PKT-000051,MSG-000025,backbone,Relay A,Ceres,"['Earth', 'Relay A', 'Ceres']",10.010182477119645,10.020331408606978,1.7571794326991363,0.03453322377062662,DELIVERED,HOP_RECEIPT:SYN,,True,,10.020331408606978,0.0,HOP_RECEIPT,1.0,1.0,0.0,0.0
PKT-000050,MSG-000025,backbone,Relay A,Earth,"['Ceres', 'Relay A', 'Earth']",10.01019405119372,10.022550094294303,2.139317309707912,0.041883926653920156,DELIVERED,SYN,,False,,10.022550094294303,0.0,DATA_OR_CONTROL,1.0,1.0,0.0,0.0
PKT-000052,MSG-000025,backbone,Earth,Relay A,"['Earth', 'Relay A', 'Ceres']",10.022561668368377,10.034918136912726,2.139390970766062,0.04188533816975626,DELIVERED,HOP_RECEIPT:SYN,,True,,10.034918136912726,0.0,HOP_RECEIPT,1.0,1.0,0.0,0.0
PKT-000053,MSG-000026,backbone,Earth,Relay A,"['Earth', 'Relay A', 'Ceres']",10.022573242442451,10.034929710250143,2.139390843221787,0.04188533572571551,DELIVERED,SYN_ACK,,True,,10.034929710250143,0.0,DATA_OR_CONTROL,1.0,1.0,1.0,1.0000000000161435
PKT-000054,MSG-000026,backbone,Relay A,Earth,"['Ceres', 'Relay A', 'Earth']",10.034941284324217,10.047295752848774,2.1390446886330494,0.0418787025870031,DELIVERED,HOP_RECEIPT:SYN_ACK,,True,,10.047295752848774,0.0,HOP_RECEIPT,1.0,1.0,0.0,0.0
PKT-000053,MSG-000026,backbone,Relay A,Ceres,"['Earth', 'Relay A', 'Ceres']",10.034952858398292,10.045101882898187,1.757195536834119,0.03453353473072229,DELIVERED,SYN_ACK,,True,,10.045101882898187,0.0,DATA_OR_CONTROL,1.0,1.0,0.0,0.0
PKT-000055,MSG-000026,backbone,Ceres,Relay A,"['Ceres', 'Relay A', 'Earth']",10.045113456972262,10.05526138115581,1.7570050287736136,0.0345298561408387,DELIVERED,HOP_RECEIPT:SYN_ACK,,True,,10.05526138115581,0.0,HOP_RECEIPT,1.0,1.0,0.0,0.0
PKT-000056,MSG-000027,backbone,Ceres,Relay A,"['Ceres', 'Relay A', 'Earth']",10.045125031046336,10.05527295527335,1.7570050362992486,0.034529856286154126,DELIVERED,FINAL_ACK,,True,,10.05527295527335,0.0,DATA_OR_CONTROL,1.0,1.0,1.0,1.0000000000161435
PKT-000057,MSG-000027,backbone,Relay A,Ceres,"['Earth', 'Relay A', 'Ceres']",10.055284529347425,10.065433630214136,1.7572087589349905,0.03453379004058832,DELIVERED,HOP_RECEIPT:FINAL_ACK,,True,,10.065433630214136,0.0,HOP_RECEIPT,1.0,1.0,0.0,0.0
PKT-000056,MSG-000027,backbone,Relay A,Earth,"['Ceres', 'Relay A', 'Earth']",10.0552961034215,10.067649277192386,2.138820515820241,0.041874406882448256,DELIVERED,FINAL_ACK,,True,,10.067649277192386,0.0,DATA_OR_CONTROL,1.0,1.0,0.0,0.0
PKT-000058,MSG-000027,backbone,Earth,Relay A,"['Earth', 'Relay A', 'Ceres']",10.06766085126646,10.080014450149712,2.138894119500185,0.04187581731280021,DELIVERED,HOP_RECEIPT:FINAL_ACK,,True,,10.080014450149712,0.0,HOP_RECEIPT,1.0,1.0,0.0,0.0
PKT-000059,MSG-000024,backbone,Ceres,Relay A,"['Ceres', 'Relay A', 'Earth']",10.06766085126646,10.07780886013735,1.7570196914853127,0.03453013926900461,DELIVERED,FUTURE_SETTLEMENT_CONFIRM,,False,,10.07780886013735,0.0,DATA_OR_CONTROL,1.0,1.0,0.0,0.0
PKT-000060,MSG-000024,backbone,Relay A,Ceres,"['Earth', 'Relay A', 'Ceres']",10.077820434211425,10.087969619746891,1.757223418428578,0.034534073105461194,DELIVERED,HOP_RECEIPT:FUTURE_SETTLEMENT_CONFIRM,,True,,10.087969619746891,0.0,HOP_RECEIPT,1.0,1.0,0.0,0.0
PKT-000059,MSG-000024,backbone,Relay A,Earth,"['Ceres', 'Relay A', 'Earth']",10.0778320082855,10.090183748933434,2.1385723858393453,0.041869652076947816,DELIVERED,FUTURE_SETTLEMENT_CONFIRM,,False,,10.090183748933434,0.0,DATA_OR_CONTROL,1.0,1.0,0.0,0.0
PKT-000061,MSG-000024,backbone,Earth,Relay A,"['Earth', 'Relay A', 'Ceres']",10.090195323007508,10.10254748860216,2.138645960838969,0.04187106196471024,DELIVERED,HOP_RECEIPT:FUTURE_SETTLEMENT_CONFIRM,,True,,10.10254748860216,0.0,HOP_RECEIPT,1.0,1.0,0.0,0.0
PKT-000062,MSG-000029,backbone,Ceres,Relay A,"['Ceres', 'Relay A', 'Mars']",10.067672425340534,10.077820434254903,1.7570196990130658,0.034530139414361005,DELIVERED,SYN,,False,,10.077820434254903,0.0,DATA_OR_CONTROL,1.0,1.0,1.0,5844.897549422131
PKT-000063,MSG-000029,backbone,Relay A,Ceres,"['Mars', 'Relay A', 'Ceres']",10.077832008328977,10.087981193907934,1.7572234259585464,0.034534073250859665,DELIVERED,HOP_RECEIPT:SYN,,True,,10.087981193907934,0.0,HOP_RECEIPT,1.0,1.0,0.0,0.0
PKT-000062,MSG-000029,backbone,Relay A,Mars,"['Ceres', 'Relay A', 'Mars']",10.077843582403052,10.088733439867866,1.8854628771592798,0.03700711688958647,DELIVERED,SYN,,False,,10.088733439867866,0.0,DATA_OR_CONTROL,1.0,1.0,0.0,0.0
PKT-000064,MSG-000029,backbone,Mars,Relay A,"['Mars', 'Relay A', 'Ceres']",10.08874501394194,10.099634205585113,1.8853475972307705,0.03700489661201256,DELIVERED,HOP_RECEIPT:SYN,,True,,10.099634205585113,0.0,HOP_RECEIPT,1.0,1.0,0.0,0.0
PKT-000065,MSG-000030,backbone,Mars,Relay A,"['Mars', 'Relay A', 'Ceres']",10.088756588016015,10.099645780128327,1.8853476784572105,0.03700489817642583,DELIVERED,SYN_ACK,,True,,10.099645780128327,0.0,DATA_OR_CONTROL,1.0,1.0,1.0,1.0000000000161435
PKT-000066,MSG-000030,backbone,Relay A,Mars,"['Ceres', 'Relay A', 'Mars']",10.099657354202401,10.110548096017517,1.8856159929982623,0.03701006587433575,DELIVERED,HOP_RECEIPT:SYN_ACK,,True,,10.110548096017517,0.0,HOP_RECEIPT,1.0,1.0,0.0,0.0
PKT-000065,MSG-000030,backbone,Relay A,Ceres,"['Mars', 'Relay A', 'Ceres']",10.099668928276476,10.109818195920862,1.7572376347142151,0.03453434761220997,DELIVERED,SYN_ACK,,True,,10.109818195920862,0.0,DATA_OR_CONTROL,1.0,1.0,0.0,0.0
PKT-000067,MSG-000030,backbone,Ceres,Relay A,"['Ceres', 'Relay A', 'Mars']",10.109829769994937,10.11997793731522,1.7570471253105944,0.034530668999488756,DELIVERED,HOP_RECEIPT:SYN_ACK,,True,,10.11997793731522,0.0,HOP_RECEIPT,1.0,1.0,0.0,0.0
PKT-000068,MSG-000031,backbone,Ceres,Relay A,"['Ceres', 'Relay A', 'Mars']",10.109841344069011,10.119989511432795,1.7570471328423232,0.034530669144921866,DELIVERED,FINAL_ACK,,True,,10.119989511432795,0.0,DATA_OR_CONTROL,1.0,1.0,1.0,1.0000000000161435
PKT-000069,MSG-000031,backbone,Relay A,Ceres,"['Mars', 'Relay A', 'Ceres']",10.12000108550687,10.1301504295818,1.7572508678489875,0.034534603134918074,DELIVERED,HOP_RECEIPT:FINAL_ACK,,True,,10.1301504295818,0.0,HOP_RECEIPT,1.0,1.0,0.0,0.0
PKT-000068,MSG-000031,backbone,Relay A,Mars,"['Ceres', 'Relay A', 'Mars']",10.120012659580944,10.130904226655138,1.8857588778214627,0.03701281780333321,DELIVERED,FINAL_ACK,,True,,10.130904226655138,0.0,DATA_OR_CONTROL,1.0,1.0,0.0,0.0
PKT-000070,MSG-000031,backbone,Mars,Relay A,"['Mars', 'Relay A', 'Ceres']",10.130915800729213,10.141806701782254,1.8856435633498159,0.03701059687360986,DELIVERED,HOP_RECEIPT:FINAL_ACK,,True,,10.141806701782254,0.0,HOP_RECEIPT,1.0,1.0,0.0,0.0
PKT-000071,MSG-000028,backbone,Ceres,Relay A,"['Ceres', 'Relay A', 'Mars']",10.130915800729213,10.141064047311469,1.75706084867716,0.03453093398924312,DELIVERED,FUTURE_SETTLEMENT_CONFIRM,,False,,10.141064047311469,0.0,DATA_OR_CONTROL,1.0,1.0,0.0,0.0
PKT-000072,MSG-000028,backbone,Relay A,Ceres,"['Mars', 'Relay A', 'Ceres']",10.141075621385543,10.151225044702215,1.7572645877129767,0.03453486805596029,DELIVERED,HOP_RECEIPT:FUTURE_SETTLEMENT_CONFIRM,,True,,10.151225044702215,0.0,HOP_RECEIPT,1.0,1.0,0.0,0.0
PKT-000071,MSG-000028,backbone,Relay A,Mars,"['Ceres', 'Relay A', 'Mars']",10.141087195459617,10.151979616989378,1.885906817705198,0.037015667083353465,DELIVERED,FUTURE_SETTLEMENT_CONFIRM,,False,,10.151979616989378,0.0,DATA_OR_CONTROL,1.0,1.0,0.0,0.0
PKT-000073,MSG-000028,backbone,Mars,Relay A,"['Mars', 'Relay A', 'Ceres']",10.151991191063452,10.162882946472367,1.8857914859728848,0.037013445827765556,DELIVERED,HOP_RECEIPT:FUTURE_SETTLEMENT_CONFIRM,,True,,10.162882946472367,0.0,HOP_RECEIPT,1.0,1.0,0.0,0.0
