service,principal,time_days,packet_id,purpose,quota_exempt,application_packet,time_hours,time_seconds,rolling_window_start_days,rolling_window_start_hours,seconds_since_previous_direct_origination,rolling_24h_count_after,rolling_24h_limit,rolling_24h_remaining_after
direct,NEPTUNE_A,0.0,PKT-000022,FUTURE_SHORT_ORDER,False,True,0.0,0.0,-1.0,-24.0,,1,12,11
backbone,EXCHANGE@Mars,0.1668195446372292,PKT-000023,SESSION_SYN:SES-000002,False,True,4.003669071293501,14413.208656656603,-0.8331804553627709,-19.9963309287065,,1,600,599
backbone,EXCHANGE@Earth,0.1668195446372292,PKT-000035,SESSION_SYN:SES-000003,False,True,4.003669071293501,14413.208656656603,-0.8331804553627709,-19.9963309287065,,2,600,598
backbone,EXCHANGE@Mars,0.22876798078109656,PKT-000032,FUTURE_LONG_CLEAR,False,True,5.490431538746318,19765.553539486744,-0.7712320192189035,-18.509568461253686,,3,600,597
backbone,EXCHANGE@Earth,0.29576193924679944,PKT-000044,FUTURE_SHORT_CLEAR,False,True,7.098286541923187,25553.83155092347,-0.7042380607532006,-16.901713458076813,,4,600,596
backbone,EXCHANGE@Ceres,10.000011574074074,PKT-000050,SESSION_SYN:SES-000004,False,True,240.0002777777778,864001.0,9.000011574074074,216.0002777777778,,1,600,599
backbone,EXCHANGE@Ceres,10.000011574074074,PKT-000062,SESSION_SYN:SES-000005,False,True,240.0002777777778,864001.0,9.000011574074074,216.0002777777778,,2,600,598
backbone,EXCHANGE@Ceres,10.067649277192386,PKT-000059,FUTURE_SETTLEMENT_CONFIRM,False,True,241.62358265261724,869844.8975494221,9.067649277192386,217.62358265261724,,3,600,597
backbone,EXCHANGE@Ceres,10.130904226655138,PKT-000071,FUTURE_SETTLEMENT_CONFIRM,False,True,243.1417014397233,875310.125183004,9.130904226655138,219.1417014397233,,4,600,596
