time_h,event,cash_conserved,shares_conserved,over_encumbered_holdings,obligations_open
0.100000,TRANSFER INITIATED,True,True,0,"XFR-000001: E-Alice@Earth → E-Alice@Ceres $25,000 in transit"
0.100000,TRANSFER INITIATED,True,True,0,"XFR-000001: E-Alice@Earth → E-Alice@Ceres $25,000 in transit | XFR-000002: E-Bob@Earth → E-Bob@Ceres $25,000 in transit"
0.500000,TRANSFER INITIATED,True,True,0,"XFR-000001: E-Alice@Earth → E-Alice@Ceres $25,000 in transit | XFR-000002: E-Bob@Earth → E-Bob@Ceres $25,000 in transit | XFR-000003: N-Eve@Neptune → N-Eve@Ceres $15,000.00 in transit"
0.500000,TRANSFER INITIATED,True,True,0,"XFR-000001: E-Alice@Earth → E-Alice@Ceres $25,000 in transit | XFR-000002: E-Bob@Earth → E-Bob@Ceres $25,000 in transit | XFR-000003: N-Eve@Neptune → N-Eve@Ceres $15,000.00 in transit | XFR-000004: E-Alice@Earth → E-Alice@Ceres $10,000.00 in transit"
0.656240,VALIDATED · FINAL,True,True,0,"XFR-000002: E-Bob@Earth → E-Bob@Ceres $25,000 in transit | XFR-000003: N-Eve@Neptune → N-Eve@Ceres $15,000.00 in transit | XFR-000004: E-Alice@Earth → E-Alice@Ceres $10,000.00 in transit"
0.656240,GUARANTEE CONTRIBUTION,True,True,0,"XFR-000002: E-Bob@Earth → E-Bob@Ceres $25,000 in transit | XFR-000003: N-Eve@Neptune → N-Eve@Ceres $15,000.00 in transit | XFR-000004: E-Alice@Earth → E-Alice@Ceres $10,000.00 in transit | Ceres Clearing guarantee fund $25,000"
0.656240,VALIDATED · FINAL,True,True,0,"XFR-000003: N-Eve@Neptune → N-Eve@Ceres $15,000.00 in transit | XFR-000004: E-Alice@Earth → E-Alice@Ceres $10,000.00 in transit | Ceres Clearing guarantee fund $25,000"
0.656240,GUARANTEE CONTRIBUTION,True,True,0,"XFR-000003: N-Eve@Neptune → N-Eve@Ceres $15,000.00 in transit | XFR-000004: E-Alice@Earth → E-Alice@Ceres $10,000.00 in transit | Ceres Clearing guarantee fund $50,000"
1.056213,VALIDATED · FINAL,True,True,0,"XFR-000003: N-Eve@Neptune → N-Eve@Ceres $15,000.00 in transit | Ceres Clearing guarantee fund $50,000"
1.212364,SOURCE RECONCILED,True,True,0,"XFR-000003: N-Eve@Neptune → N-Eve@Ceres $15,000.00 in transit | Ceres Clearing guarantee fund $50,000"
1.212364,SOURCE RECONCILED,True,True,0,"XFR-000003: N-Eve@Neptune → N-Eve@Ceres $15,000.00 in transit | Ceres Clearing guarantee fund $50,000"
1.612311,SOURCE RECONCILED,True,True,0,"XFR-000003: N-Eve@Neptune → N-Eve@Ceres $15,000.00 in transit | Ceres Clearing guarantee fund $50,000"
4.605045,VALIDATED · FINAL,True,True,0,"Ceres Clearing guarantee fund $50,000"
4.605045,FUTURE OPENED,True,True,0,"POS-000001: N-Eve long / E-Alice short 10×MOI-F300 @ 100 | Ceres Clearing guarantee fund $50,000"
8.710073,SOURCE RECONCILED,True,True,0,"POS-000001: N-Eve long / E-Alice short 10×MOI-F300 @ 100 | Ceres Clearing guarantee fund $50,000"
