time_h,actor,local_knowledge,action,packet_or_transmission,arrival,financial_state_after,category
0.500000,Ceres,"Ceres Exchange, Ceres Clearing: no remote information yet","BATCH OPENED: BAT-000001 at Ceres, closes h 31.184 — closes in 30.68 h",—,—,unchanged,finance
1.000000,E-Alice,"E-Alice sees own $70,000 free at Earth",MESSAGE SENT: order: E-Alice → Earth Exchange (local),local access E-Alice→Earth Exchange,h 1.0003,unchanged,local
1.000000,N-Eve,"N-Eve sees own $55,000 free at Neptune",MESSAGE SENT: order: N-Eve → Neptune Exchange (local),local access N-Eve→Neptune Exchange,h 1.0003,unchanged,local
1.000278,E-Alice,"E-Alice sees own $70,000 free at Earth",ORDER STAMPED · RESERVED: E-Alice SELL 100 @ 45; 100 shares locked at Earth — Earth Exchange stamps the order (priority time h 1.0003) and locks collateral at Earth,—,—,E-Alice 600 sh@Earth (locked 100 sh) | in transit $0 / 0 sh,finance
1.000278,Earth Exchange,Earth Exchange last received: order from E-Alice (local); Earth Exchange awaiting ack: batch_order→Ceres Exchange,MESSAGE SENT: batch_order: Earth Exchange → Ceres Exchange (backbone),backbone message batch_order Earth Exchange→Ceres Exchange on Earth → Relay A → Ceres,delivered h 1.5565,unchanged,network
1.000278,N-Eve,"N-Eve sees own $50,000 free at Neptune","ORDER STAMPED · RESERVED: N-Eve BUY 100 @ 50; $5,000.00 locked at Neptune — Neptune Exchange stamps the order (priority time h 1.0003) and locks collateral at Neptune",—,—,"N-Eve $55,000@Neptune (locked $5,000) | in transit $0 / 0 sh",finance
1.000278,Neptune Exchange,Neptune Exchange last received: order from N-Eve (local); Neptune Exchange awaiting ack: batch_order→Ceres Exchange,MESSAGE SENT: batch_order: Neptune Exchange → Ceres Exchange (backbone),backbone message batch_order Neptune Exchange→Ceres Exchange on Neptune → Relay A → Ceres,delivered h 5.1053,unchanged,network
1.000556,Earth,Earth Exchange last received: order from E-Alice (local); Earth Exchange awaiting ack: batch_order→Ceres Exchange,"PACKET SENT: batch_order: Earth → Relay A, lands h 1.3132","backbone Earth→Relay A launch h 1.0006 (data, attempt 1)",h 1.3132,unchanged,network
1.000556,Neptune,Neptune Exchange last received: order from N-Eve (local); Neptune Exchange awaiting ack: batch_order→Ceres Exchange,"PACKET SENT: batch_order: Neptune → Relay A, lands h 4.8620","backbone Neptune→Relay A launch h 1.0006 (data, attempt 1)",h 4.8620,unchanged,network
1.313169,Relay A,relay: stores and forwards packet bytes only; no financial state,HOP RECEIPT: from Relay A,hop receipt queued at Relay A,—,unchanged,transport
1.313447,Relay A,relay: stores and forwards packet bytes only; no financial state,"PACKET SENT: hop receipt: Relay A → Earth, lands h 1.6260","backbone Relay A→Earth launch h 1.3134 (hop_receipt, attempt 1)",h 1.6260,unchanged,transport
1.313725,Relay A,relay: stores and forwards packet bytes only; no financial state,"PACKET SENT: batch_order: Relay A → Ceres, lands h 1.5565","backbone Relay A→Ceres launch h 1.3137 (data, attempt 1)",h 1.5565,unchanged,network
1.556458,Ceres,"Ceres Exchange, Ceres Clearing: no remote information yet",HOP RECEIPT: from Ceres,hop receipt queued at Ceres,—,unchanged,transport
1.556458,Ceres Exchange,Ceres Exchange last received: batch_order from Earth Exchange @h1.56,RECEIVED: batch_order at Ceres Exchange,—,—,unchanged,network
1.556458,Ceres,Ceres Exchange last received: batch_order from Earth Exchange @h1.56,IN BATCH: BOR-000001 joins BAT-000001,—,—,unchanged,finance
1.556458,Ceres,Ceres Exchange last received: batch_order from Earth Exchange @h1.56,DATA ACK: from Ceres,data ack queued at Ceres,—,unchanged,transport
1.556736,Ceres,Ceres Exchange last received: batch_order from Earth Exchange @h1.56,"PACKET SENT: hop receipt: Ceres → Relay A, lands h 1.7994","backbone Ceres→Relay A launch h 1.5567 (hop_receipt, attempt 1)",h 1.7994,unchanged,transport
1.556736,Ceres,Ceres Exchange last received: batch_order from Earth Exchange @h1.56,"PACKET SENT: data ack: Ceres → Relay A, lands h 1.7994","backbone Ceres→Relay A launch h 1.5567 (data_ack, attempt 1)",h 1.7994,unchanged,transport
1.799442,Relay A,relay: stores and forwards packet bytes only; no financial state,HOP RECEIPT: from Relay A,hop receipt queued at Relay A,—,unchanged,transport
1.799720,Relay A,relay: stores and forwards packet bytes only; no financial state,"PACKET SENT: hop receipt: Relay A → Ceres, lands h 2.0425","backbone Relay A→Ceres launch h 1.7997 (hop_receipt, attempt 1)",h 2.0425,unchanged,transport
1.799998,Relay A,relay: stores and forwards packet bytes only; no financial state,"PACKET SENT: data ack: Relay A → Earth, lands h 2.1125","backbone Relay A→Earth launch h 1.8000 (data_ack, attempt 1)",h 2.1125,unchanged,transport
2.112522,Earth,Earth Exchange last received: order from E-Alice (local),HOP RECEIPT: from Earth,hop receipt queued at Earth,—,unchanged,transport
2.112799,Earth,Earth Exchange last received: order from E-Alice (local),"PACKET SENT: hop receipt: Earth → Relay A, lands h 2.4253","backbone Earth→Relay A launch h 2.1128 (hop_receipt, attempt 1)",h 2.4253,unchanged,transport
4.862045,Relay A,relay: stores and forwards packet bytes only; no financial state,HOP RECEIPT: from Relay A,hop receipt queued at Relay A,—,unchanged,transport
4.862323,Relay A,relay: stores and forwards packet bytes only; no financial state,"PACKET SENT: hop receipt: Relay A → Neptune, lands h 8.7238","backbone Relay A→Neptune launch h 4.8623 (hop_receipt, attempt 1)",h 8.7238,unchanged,transport
4.862600,Relay A,relay: stores and forwards packet bytes only; no financial state,"PACKET SENT: batch_order: Relay A → Ceres, lands h 5.1053","backbone Relay A→Ceres launch h 4.8626 (data, attempt 1)",h 5.1053,unchanged,network
5.105345,Ceres,Ceres Exchange last received: batch_order from Earth Exchange @h1.56,HOP RECEIPT: from Ceres,hop receipt queued at Ceres,—,unchanged,transport
5.105345,Ceres Exchange,"Ceres Exchange last received: batch_order from Earth Exchange @h1.56, batch_order from Neptune Exchange @h5.11",RECEIVED: batch_order at Ceres Exchange,—,—,unchanged,network
5.105345,Ceres,"Ceres Exchange last received: batch_order from Earth Exchange @h1.56, batch_order from Neptune Exchange @h5.11",IN BATCH: BOR-000002 joins BAT-000001,—,—,unchanged,finance
5.105345,Ceres,"Ceres Exchange last received: batch_order from Earth Exchange @h1.56, batch_order from Neptune Exchange @h5.11",DATA ACK: from Ceres,data ack queued at Ceres,—,unchanged,transport
5.105623,Ceres,"Ceres Exchange last received: batch_order from Earth Exchange @h1.56, batch_order from Neptune Exchange @h5.11","PACKET SENT: hop receipt: Ceres → Relay A, lands h 5.3483","backbone Ceres→Relay A launch h 5.1056 (hop_receipt, attempt 1)",h 5.3483,unchanged,transport
5.105623,Ceres,"Ceres Exchange last received: batch_order from Earth Exchange @h1.56, batch_order from Neptune Exchange @h5.11","PACKET SENT: data ack: Ceres → Relay A, lands h 5.3483","backbone Ceres→Relay A launch h 5.1056 (data_ack, attempt 1)",h 5.3483,unchanged,transport
5.348341,Relay A,relay: stores and forwards packet bytes only; no financial state,HOP RECEIPT: from Relay A,hop receipt queued at Relay A,—,unchanged,transport
5.348619,Relay A,relay: stores and forwards packet bytes only; no financial state,"PACKET SENT: hop receipt: Relay A → Ceres, lands h 5.5914","backbone Relay A→Ceres launch h 5.3486 (hop_receipt, attempt 1)",h 5.5914,unchanged,transport
5.348897,Relay A,relay: stores and forwards packet bytes only; no financial state,"PACKET SENT: data ack: Relay A → Neptune, lands h 9.2104","backbone Relay A→Neptune launch h 5.3489 (data_ack, attempt 1)",h 9.2104,unchanged,transport
9.210396,Neptune,Neptune Exchange last received: order from N-Eve (local),HOP RECEIPT: from Neptune,hop receipt queued at Neptune,—,unchanged,transport
9.210673,Neptune,Neptune Exchange last received: order from N-Eve (local),"PACKET SENT: hop receipt: Neptune → Relay A, lands h 13.0725","backbone Neptune→Relay A launch h 9.2107 (hop_receipt, attempt 1)",h 13.0725,unchanged,transport
31.184360,Ceres,"Ceres Exchange last received: batch_order from Earth Exchange @h1.56, batch_order from Neptune Exchange @h5.11; Ceres Exchange awaiting ack: batch_result→Earth Exchange, batch_result→Neptune Exchange",BATCH EXECUTED: BAT-000001 @ 47.50 · 1 trade(s),—,—,unchanged,finance
31.184360,Ceres Exchange,"Ceres Exchange last received: batch_order from Earth Exchange @h1.56, batch_order from Neptune Exchange @h5.11; Ceres Exchange awaiting ack: batch_result→Earth Exchange, batch_result→Neptune Exchange",MESSAGE SENT: batch_result: Ceres Exchange → Earth Exchange (backbone),backbone message batch_result Ceres Exchange→Earth Exchange on Ceres → Relay A → Earth,delivered h 31.7385,unchanged,network
31.184360,Ceres Exchange,"Ceres Exchange last received: batch_order from Earth Exchange @h1.56, batch_order from Neptune Exchange @h5.11; Ceres Exchange awaiting ack: batch_result→Earth Exchange, batch_result→Neptune Exchange",MESSAGE SENT: batch_result: Ceres Exchange → Neptune Exchange (backbone),backbone message batch_result Ceres Exchange→Neptune Exchange on Ceres → Relay A → Neptune,delivered h 35.2906,unchanged,network
31.184638,Ceres,"Ceres Exchange last received: batch_order from Earth Exchange @h1.56, batch_order from Neptune Exchange @h5.11; Ceres Exchange awaiting ack: batch_result→Earth Exchange, batch_result→Neptune Exchange","PACKET SENT: batch_result: Ceres → Relay A, lands h 31.4274","backbone Ceres→Relay A launch h 31.1846 (data, attempt 1)",h 31.4274,unchanged,network
31.184638,Ceres,"Ceres Exchange last received: batch_order from Earth Exchange @h1.56, batch_order from Neptune Exchange @h5.11; Ceres Exchange awaiting ack: batch_result→Earth Exchange, batch_result→Neptune Exchange","PACKET SENT: batch_result: Ceres → Relay A, lands h 31.4274","backbone Ceres→Relay A launch h 31.1846 (data, attempt 1)",h 31.4274,unchanged,network
31.427443,Relay A,relay: stores and forwards packet bytes only; no financial state,HOP RECEIPT: from Relay A,hop receipt queued at Relay A,—,unchanged,transport
31.427443,Relay A,relay: stores and forwards packet bytes only; no financial state,HOP RECEIPT: from Relay A,hop receipt queued at Relay A,—,unchanged,transport
31.427721,Relay A,relay: stores and forwards packet bytes only; no financial state,"PACKET SENT: hop receipt: Relay A → Ceres, lands h 31.6706","backbone Relay A→Ceres launch h 31.4277 (hop_receipt, attempt 1)",h 31.6706,unchanged,transport
31.427721,Relay A,relay: stores and forwards packet bytes only; no financial state,"PACKET SENT: hop receipt: Relay A → Ceres, lands h 31.6706","backbone Relay A→Ceres launch h 31.4277 (hop_receipt, attempt 1)",h 31.6706,unchanged,transport
31.427999,Relay A,relay: stores and forwards packet bytes only; no financial state,"PACKET SENT: batch_result: Relay A → Earth, lands h 31.7385","backbone Relay A→Earth launch h 31.4280 (data, attempt 1)",h 31.7385,unchanged,network
31.427999,Relay A,relay: stores and forwards packet bytes only; no financial state,"PACKET SENT: batch_result: Relay A → Neptune, lands h 35.2906","backbone Relay A→Neptune launch h 31.4280 (data, attempt 1)",h 35.2906,unchanged,network
31.738458,Earth,Earth Exchange last received: order from E-Alice (local); Earth Exchange awaiting ack: transfer→Neptune Exchange,HOP RECEIPT: from Earth,hop receipt queued at Earth,—,unchanged,transport
31.738458,Earth Exchange,"Earth Exchange last received: order from E-Alice (local), batch_result from Ceres Exchange @h31.74; Earth Exchange awaiting ack: transfer→Neptune Exchange",RECEIVED: batch_result at Earth Exchange,—,—,unchanged,network
31.738458,Earth,"Earth Exchange last received: order from E-Alice (local), batch_result from Ceres Exchange @h31.74; Earth Exchange awaiting ack: transfer→Neptune Exchange",RESULT APPLIED AT HOME: BOR-000001: 100 shares → N-Eve (transfer XFR-000001) — batch result applied at home,—,—,E-Alice 500 sh@Earth | in transit $0 / 100 sh,finance
31.738458,Earth Exchange,"Earth Exchange last received: order from E-Alice (local), batch_result from Ceres Exchange @h31.74; Earth Exchange awaiting ack: transfer→Neptune Exchange",MESSAGE SENT: transfer: Earth Exchange → Neptune Exchange (backbone),backbone message transfer Earth Exchange→Neptune Exchange on Earth → Relay A → Neptune,delivered h 35.9124,unchanged,network
31.738458,Earth,"Earth Exchange last received: order from E-Alice (local), batch_result from Ceres Exchange @h31.74; Earth Exchange awaiting ack: transfer→Neptune Exchange",DATA ACK: from Earth,data ack queued at Earth,—,unchanged,transport
31.738736,Earth,"Earth Exchange last received: order from E-Alice (local), batch_result from Ceres Exchange @h31.74; Earth Exchange awaiting ack: transfer→Neptune Exchange","PACKET SENT: hop receipt: Earth → Relay A, lands h 32.0492","backbone Earth→Relay A launch h 31.7387 (hop_receipt, attempt 1)",h 32.0492,unchanged,transport
31.738736,Earth,"Earth Exchange last received: order from E-Alice (local), batch_result from Ceres Exchange @h31.74; Earth Exchange awaiting ack: transfer→Neptune Exchange","PACKET SENT: transfer: Earth → Relay A, lands h 32.0492","backbone Earth→Relay A launch h 31.7387 (data, attempt 1)",h 32.0492,unchanged,network
31.738736,Earth,"Earth Exchange last received: order from E-Alice (local), batch_result from Ceres Exchange @h31.74; Earth Exchange awaiting ack: transfer→Neptune Exchange","PACKET SENT: data ack: Earth → Relay A, lands h 32.0492","backbone Earth→Relay A launch h 31.7387 (data_ack, attempt 1)",h 32.0492,unchanged,transport
32.049207,Relay A,relay: stores and forwards packet bytes only; no financial state,HOP RECEIPT: from Relay A,hop receipt queued at Relay A,—,unchanged,transport
32.049207,Relay A,relay: stores and forwards packet bytes only; no financial state,HOP RECEIPT: from Relay A,hop receipt queued at Relay A,—,unchanged,transport
32.049485,Relay A,relay: stores and forwards packet bytes only; no financial state,"PACKET SENT: hop receipt: Relay A → Earth, lands h 32.3599","backbone Relay A→Earth launch h 32.0495 (hop_receipt, attempt 1)",h 32.3599,unchanged,transport
32.049485,Relay A,relay: stores and forwards packet bytes only; no financial state,"PACKET SENT: hop receipt: Relay A → Earth, lands h 32.3599","backbone Relay A→Earth launch h 32.0495 (hop_receipt, attempt 1)",h 32.3599,unchanged,transport
32.049763,Relay A,relay: stores and forwards packet bytes only; no financial state,"PACKET SENT: transfer: Relay A → Neptune, lands h 35.9124","backbone Relay A→Neptune launch h 32.0498 (data, attempt 1)",h 35.9124,unchanged,network
32.049763,Relay A,relay: stores and forwards packet bytes only; no financial state,"PACKET SENT: data ack: Relay A → Ceres, lands h 32.2926","backbone Relay A→Ceres launch h 32.0498 (data_ack, attempt 1)",h 32.2926,unchanged,transport
32.292598,Ceres,"Ceres Exchange last received: batch_order from Earth Exchange @h1.56, batch_order from Neptune Exchange @h5.11; Ceres Exchange awaiting ack: batch_result→Neptune Exchange",HOP RECEIPT: from Ceres,hop receipt queued at Ceres,—,unchanged,transport
32.292876,Ceres,"Ceres Exchange last received: batch_order from Earth Exchange @h1.56, batch_order from Neptune Exchange @h5.11; Ceres Exchange awaiting ack: batch_result→Neptune Exchange","PACKET SENT: hop receipt: Ceres → Relay A, lands h 32.5357","backbone Ceres→Relay A launch h 32.2929 (hop_receipt, attempt 1)",h 32.5357,unchanged,transport
35.290578,Neptune,Neptune Exchange last received: order from N-Eve (local); Neptune Exchange awaiting ack: transfer→Earth Exchange,HOP RECEIPT: from Neptune,hop receipt queued at Neptune,—,unchanged,transport
35.290578,Neptune Exchange,"Neptune Exchange last received: order from N-Eve (local), batch_result from Ceres Exchange @h35.29; Neptune Exchange awaiting ack: transfer→Earth Exchange",RECEIVED: batch_result at Neptune Exchange,—,—,unchanged,network
35.290578,Neptune,"Neptune Exchange last received: order from N-Eve (local), batch_result from Ceres Exchange @h35.29; Neptune Exchange awaiting ack: transfer→Earth Exchange","RESULT APPLIED AT HOME: BOR-000002: $4,750.00 → E-Alice (transfer XFR-000002); released 250.00 — batch result applied at home",—,—,"N-Eve $50,250.00@Neptune | in transit $4,750.00 / 100 sh",finance
35.290578,Neptune Exchange,"Neptune Exchange last received: order from N-Eve (local), batch_result from Ceres Exchange @h35.29; Neptune Exchange awaiting ack: transfer→Earth Exchange",MESSAGE SENT: transfer: Neptune Exchange → Earth Exchange (backbone),backbone message transfer Neptune Exchange→Earth Exchange on Neptune → Relay A → Earth,delivered h 39.4642,unchanged,network
35.290578,Neptune,"Neptune Exchange last received: order from N-Eve (local), batch_result from Ceres Exchange @h35.29; Neptune Exchange awaiting ack: transfer→Earth Exchange",DATA ACK: from Neptune,data ack queued at Neptune,—,unchanged,transport
35.290856,Neptune,"Neptune Exchange last received: order from N-Eve (local), batch_result from Ceres Exchange @h35.29; Neptune Exchange awaiting ack: transfer→Earth Exchange","PACKET SENT: hop receipt: Neptune → Relay A, lands h 39.1538","backbone Neptune→Relay A launch h 35.2909 (hop_receipt, attempt 1)",h 39.1538,unchanged,transport
35.290856,Neptune,"Neptune Exchange last received: order from N-Eve (local), batch_result from Ceres Exchange @h35.29; Neptune Exchange awaiting ack: transfer→Earth Exchange","PACKET SENT: transfer: Neptune → Relay A, lands h 39.1538","backbone Neptune→Relay A launch h 35.2909 (data, attempt 1)",h 39.1538,unchanged,network
35.290856,Neptune,"Neptune Exchange last received: order from N-Eve (local), batch_result from Ceres Exchange @h35.29; Neptune Exchange awaiting ack: transfer→Earth Exchange","PACKET SENT: data ack: Neptune → Relay A, lands h 39.1538","backbone Neptune→Relay A launch h 35.2909 (data_ack, attempt 1)",h 39.1538,unchanged,transport
35.912368,Neptune,"Neptune Exchange last received: order from N-Eve (local), batch_result from Ceres Exchange @h35.29; Neptune Exchange awaiting ack: transfer→Earth Exchange, transfer_status→Earth Exchange",HOP RECEIPT: from Neptune,hop receipt queued at Neptune,—,unchanged,transport
35.912368,Neptune Exchange,"Neptune Exchange last received: batch_result from Ceres Exchange @h35.29, transfer from Earth Exchange @h35.91; Neptune Exchange awaiting ack: transfer→Earth Exchange, transfer_status→Earth Exchange",RECEIVED: transfer at Neptune Exchange,—,—,unchanged,network
35.912368,N-Eve,"N-Eve sees own $50,250.00 free at Neptune",VALIDATED · FINAL: XFR-000001: usable by N-Eve at Neptune — destination validates the locked commitment,—,—,"N-Eve 600 sh@Neptune | in transit $4,750.00 / 0 sh",finance
35.912368,Neptune Exchange,"Neptune Exchange last received: batch_result from Ceres Exchange @h35.29, transfer from Earth Exchange @h35.91; Neptune Exchange awaiting ack: transfer→Earth Exchange, transfer_status→Earth Exchange",MESSAGE SENT: transfer_status: Neptune Exchange → Earth Exchange (backbone),backbone message transfer_status Neptune Exchange→Earth Exchange on Neptune → Relay A → Earth,delivered h 48.8119,unchanged,network
35.912368,Neptune,"Neptune Exchange last received: batch_result from Ceres Exchange @h35.29, transfer from Earth Exchange @h35.91; Neptune Exchange awaiting ack: transfer→Earth Exchange, transfer_status→Earth Exchange",DATA ACK: from Neptune,data ack queued at Neptune,—,unchanged,transport
35.912646,Neptune,"Neptune Exchange last received: batch_result from Ceres Exchange @h35.29, transfer from Earth Exchange @h35.91; Neptune Exchange awaiting ack: transfer→Earth Exchange, transfer_status→Earth Exchange","PACKET SENT · LOST: hop receipt: Neptune → Relay A, lands h 39.7756 — RECEIPT: LOST (incident: forced loss at Neptune)","backbone Neptune→Relay A launch h 35.9126 (hop_receipt, attempt 1)",LOST (nominal h 39.7756),unchanged,transport
35.912646,Neptune,"Neptune Exchange last received: batch_result from Ceres Exchange @h35.29, transfer from Earth Exchange @h35.91; Neptune Exchange awaiting ack: transfer→Earth Exchange, transfer_status→Earth Exchange","PACKET SENT · LOST: transfer_status: Neptune → Relay A, lands h 39.7756 — transfer_status: LOST (incident: forced loss at Neptune)","backbone Neptune→Relay A launch h 35.9126 (data, attempt 1)",LOST (nominal h 39.7756),unchanged,network
35.912646,Neptune,"Neptune Exchange last received: batch_result from Ceres Exchange @h35.29, transfer from Earth Exchange @h35.91; Neptune Exchange awaiting ack: transfer→Earth Exchange, transfer_status→Earth Exchange","PACKET SENT · LOST: data ack: Neptune → Relay A, lands h 39.7756 — DATA-ACK: LOST (incident: forced loss at Neptune)","backbone Neptune→Relay A launch h 35.9126 (data_ack, attempt 1)",LOST (nominal h 39.7756),unchanged,transport
36.912368,,,"NOTE: REJECTED: E-Alice sells 600 shares at Earth while the 100 sold are unconfirmed (E-Alice needs 600 SHR:AresHabitat free at Earth, has 500)",—,—,unchanged,note
36.912368,,,NOTE: REJECTED: E-Alice re-sends the 100 shares to someone else (E-Alice lacks 600 SHR:AresHabitat free at Earth),—,—,unchanged,note
39.153767,Relay A,relay: stores and forwards packet bytes only; no financial state,HOP RECEIPT: from Relay A,hop receipt queued at Relay A,—,unchanged,transport
39.153767,Relay A,relay: stores and forwards packet bytes only; no financial state,HOP RECEIPT: from Relay A,hop receipt queued at Relay A,—,unchanged,transport
39.154045,Relay A,relay: stores and forwards packet bytes only; no financial state,"PACKET SENT · LOST: hop receipt: Relay A → Neptune, lands h 43.0169 — RECEIPT: LOST (incident: forced loss at Neptune)","backbone Relay A→Neptune launch h 39.1540 (hop_receipt, attempt 1)",LOST (nominal h 43.0169),unchanged,transport
39.154045,Relay A,relay: stores and forwards packet bytes only; no financial state,"PACKET SENT · LOST: hop receipt: Relay A → Neptune, lands h 43.0169 — RECEIPT: LOST (incident: forced loss at Neptune)","backbone Relay A→Neptune launch h 39.1540 (hop_receipt, attempt 1)",LOST (nominal h 43.0169),unchanged,transport
39.154323,Relay A,relay: stores and forwards packet bytes only; no financial state,"PACKET SENT: transfer: Relay A → Earth, lands h 39.4642","backbone Relay A→Earth launch h 39.1543 (data, attempt 1)",h 39.4642,unchanged,network
39.154323,Relay A,relay: stores and forwards packet bytes only; no financial state,"PACKET SENT: data ack: Relay A → Ceres, lands h 39.3972","backbone Relay A→Ceres launch h 39.1543 (data_ack, attempt 1)",h 39.3972,unchanged,transport
39.397182,Ceres,"Ceres Exchange last received: batch_order from Earth Exchange @h1.56, batch_order from Neptune Exchange @h5.11",HOP RECEIPT: from Ceres,hop receipt queued at Ceres,—,unchanged,transport
39.397460,Ceres,"Ceres Exchange last received: batch_order from Earth Exchange @h1.56, batch_order from Neptune Exchange @h5.11","PACKET SENT: hop receipt: Ceres → Relay A, lands h 39.6403","backbone Ceres→Relay A launch h 39.3975 (hop_receipt, attempt 1)",h 39.6403,unchanged,transport
39.464248,Earth,"Earth Exchange last received: order from E-Alice (local), batch_result from Ceres Exchange @h31.74; Earth Exchange awaiting ack: transfer→Neptune Exchange, transfer_status→Neptune Exchange",HOP RECEIPT: from Earth,hop receipt queued at Earth,—,unchanged,transport
39.464248,Earth Exchange,"Earth Exchange last received: batch_result from Ceres Exchange @h31.74, transfer from Neptune Exchange @h39.46; Earth Exchange awaiting ack: transfer→Neptune Exchange, transfer_status→Neptune Exchange",RECEIVED: transfer at Earth Exchange,—,—,unchanged,network
39.464248,E-Alice,"E-Alice sees own $74,750.00 free at Earth",VALIDATED · FINAL: XFR-000002: usable by E-Alice at Earth — destination validates the locked commitment,—,—,"E-Alice $74,750.00@Earth | in transit $0 / 0 sh",finance
39.464248,Earth Exchange,"Earth Exchange last received: batch_result from Ceres Exchange @h31.74, transfer from Neptune Exchange @h39.46; Earth Exchange awaiting ack: transfer→Neptune Exchange, transfer_status→Neptune Exchange",MESSAGE SENT: transfer_status: Earth Exchange → Neptune Exchange (backbone),backbone message transfer_status Earth Exchange→Neptune Exchange on Earth → Relay A → Neptune,delivered h 52.3644,unchanged,network
39.464248,Earth,"Earth Exchange last received: batch_result from Ceres Exchange @h31.74, transfer from Neptune Exchange @h39.46; Earth Exchange awaiting ack: transfer→Neptune Exchange, transfer_status→Neptune Exchange",DATA ACK: from Earth,data ack queued at Earth,—,unchanged,transport
39.464525,Earth,"Earth Exchange last received: batch_result from Ceres Exchange @h31.74, transfer from Neptune Exchange @h39.46; Earth Exchange awaiting ack: transfer→Neptune Exchange, transfer_status→Neptune Exchange","PACKET SENT: hop receipt: Earth → Relay A, lands h 39.7745","backbone Earth→Relay A launch h 39.4645 (hop_receipt, attempt 1)",h 39.7745,unchanged,transport
39.464525,Earth,"Earth Exchange last received: batch_result from Ceres Exchange @h31.74, transfer from Neptune Exchange @h39.46; Earth Exchange awaiting ack: transfer→Neptune Exchange, transfer_status→Neptune Exchange","PACKET SENT: transfer_status: Earth → Relay A, lands h 39.7745","backbone Earth→Relay A launch h 39.4645 (data, attempt 1)",h 39.7745,unchanged,network
39.464525,Earth,"Earth Exchange last received: batch_result from Ceres Exchange @h31.74, transfer from Neptune Exchange @h39.46; Earth Exchange awaiting ack: transfer→Neptune Exchange, transfer_status→Neptune Exchange","PACKET SENT: data ack: Earth → Relay A, lands h 39.7745","backbone Earth→Relay A launch h 39.4645 (data_ack, attempt 1)",h 39.7745,unchanged,transport
39.774461,Relay A,relay: stores and forwards packet bytes only; no financial state,HOP RECEIPT: from Relay A,hop receipt queued at Relay A,—,unchanged,transport
39.774461,Relay A,relay: stores and forwards packet bytes only; no financial state,HOP RECEIPT: from Relay A,hop receipt queued at Relay A,—,unchanged,transport
39.774739,Relay A,relay: stores and forwards packet bytes only; no financial state,"PACKET SENT: hop receipt: Relay A → Earth, lands h 40.0846","backbone Relay A→Earth launch h 39.7747 (hop_receipt, attempt 1)",h 40.0846,unchanged,transport
39.774739,Relay A,relay: stores and forwards packet bytes only; no financial state,"PACKET SENT: hop receipt: Relay A → Earth, lands h 40.0846","backbone Relay A→Earth launch h 39.7747 (hop_receipt, attempt 1)",h 40.0846,unchanged,transport
39.775017,Relay A,relay: stores and forwards packet bytes only; no financial state,"PACKET SENT · LOST: transfer_status: Relay A → Neptune, lands h 43.6379 — transfer_status: LOST (incident: forced loss at Neptune)","backbone Relay A→Neptune launch h 39.7750 (data, attempt 1)",LOST (nominal h 43.6379),unchanged,network
39.775017,Relay A,relay: stores and forwards packet bytes only; no financial state,"PACKET SENT · LOST: data ack: Relay A → Neptune, lands h 43.6379 — DATA-ACK: LOST (incident: forced loss at Neptune)","backbone Relay A→Neptune launch h 39.7750 (data_ack, attempt 1)",LOST (nominal h 43.6379),unchanged,transport
40.775251,Relay A,relay: stores and forwards packet bytes only; no financial state,"RETRY #2 · LOST: transfer: Relay A → Neptune, lands h 44.6382 — transfer: LOST (incident: forced loss at Neptune)","backbone Relay A→Neptune launch h 40.7753 (data, attempt 2)",LOST (nominal h 44.6382),unchanged,network
41.086136,Earth Exchange,"Earth Exchange last received: batch_result from Ceres Exchange @h31.74, transfer from Neptune Exchange @h39.46; Earth Exchange awaiting ack: transfer_status→Neptune Exchange, status_query→Neptune Exchange","NOTE: no status for XFR-000001 after one round trip + 1 h: status query (same transaction id, never a new transfer)",—,—,unchanged,note
41.086136,Earth Exchange,"Earth Exchange last received: batch_result from Ceres Exchange @h31.74, transfer from Neptune Exchange @h39.46; Earth Exchange awaiting ack: transfer_status→Neptune Exchange, status_query→Neptune Exchange",MESSAGE SENT: status_query: Earth Exchange → Neptune Exchange (backbone),backbone message status_query Earth Exchange→Neptune Exchange on Earth → Relay A → Neptune,delivered h 53.9864,unchanged,network
41.086413,Earth,"Earth Exchange last received: batch_result from Ceres Exchange @h31.74, transfer from Neptune Exchange @h39.46; Earth Exchange awaiting ack: transfer_status→Neptune Exchange, status_query→Neptune Exchange","PACKET SENT: status_query: Earth → Relay A, lands h 41.3962","backbone Earth→Relay A launch h 41.0864 (data, attempt 1)",h 41.3962,unchanged,network
41.396237,Relay A,relay: stores and forwards packet bytes only; no financial state,HOP RECEIPT: from Relay A,hop receipt queued at Relay A,—,unchanged,transport
41.396515,Relay A,relay: stores and forwards packet bytes only; no financial state,"PACKET SENT: hop receipt: Relay A → Earth, lands h 41.7063","backbone Relay A→Earth launch h 41.3965 (hop_receipt, attempt 1)",h 41.7063,unchanged,transport
41.396793,Relay A,relay: stores and forwards packet bytes only; no financial state,"PACKET SENT · LOST: status_query: Relay A → Neptune, lands h 45.2598 — status_query: LOST (incident: forced loss at Neptune)","backbone Relay A→Neptune launch h 41.3968 (data, attempt 1)",LOST (nominal h 45.2598),unchanged,network
44.016956,Neptune,"Neptune Exchange last received: batch_result from Ceres Exchange @h35.29, transfer from Earth Exchange @h35.91; Neptune Exchange awaiting ack: transfer→Earth Exchange, transfer_status→Earth Exchange","RETRY #2: transfer: Neptune → Relay A, lands h 47.8802","backbone Neptune→Relay A launch h 44.0170 (data, attempt 2)",h 47.8802,unchanged,network
44.016956,Neptune,"Neptune Exchange last received: batch_result from Ceres Exchange @h35.29, transfer from Earth Exchange @h35.91; Neptune Exchange awaiting ack: transfer→Earth Exchange, transfer_status→Earth Exchange","RETRY #2: data ack: Neptune → Relay A, lands h 47.8802","backbone Neptune→Relay A launch h 44.0170 (data_ack, attempt 2)",h 47.8802,unchanged,transport
44.638059,Neptune Exchange,"Neptune Exchange last received: batch_result from Ceres Exchange @h35.29, transfer from Earth Exchange @h35.91; Neptune Exchange awaiting ack: transfer_status→Earth Exchange, status_query→Earth Exchange","NOTE: no status for XFR-000002 after one round trip + 1 h: status query (same transaction id, never a new transfer)",—,—,unchanged,note
44.638059,Neptune Exchange,"Neptune Exchange last received: batch_result from Ceres Exchange @h35.29, transfer from Earth Exchange @h35.91; Neptune Exchange awaiting ack: transfer_status→Earth Exchange, status_query→Earth Exchange",MESSAGE SENT: status_query: Neptune Exchange → Earth Exchange (backbone),backbone message status_query Neptune Exchange→Earth Exchange on Neptune → Relay A → Earth,delivered h 48.8115,unchanged,network
44.638337,Neptune,"Neptune Exchange last received: batch_result from Ceres Exchange @h35.29, transfer from Earth Exchange @h35.91; Neptune Exchange awaiting ack: transfer_status→Earth Exchange, status_query→Earth Exchange","PACKET SENT: status_query: Neptune → Relay A, lands h 48.5016","backbone Neptune→Relay A launch h 44.6383 (data, attempt 1)",h 48.5016,unchanged,network
44.638798,Neptune,"Neptune Exchange last received: batch_result from Ceres Exchange @h35.29, transfer from Earth Exchange @h35.91; Neptune Exchange awaiting ack: transfer_status→Earth Exchange, status_query→Earth Exchange","RETRY #2: transfer_status: Neptune → Relay A, lands h 48.5021","backbone Neptune→Relay A launch h 44.6388 (data, attempt 2)",h 48.5021,unchanged,network
44.638798,Neptune,"Neptune Exchange last received: batch_result from Ceres Exchange @h35.29, transfer from Earth Exchange @h35.91; Neptune Exchange awaiting ack: transfer_status→Earth Exchange, status_query→Earth Exchange","RETRY #2: data ack: Neptune → Relay A, lands h 48.5021","backbone Neptune→Relay A launch h 44.6388 (data_ack, attempt 2)",h 48.5021,unchanged,transport
47.880231,Relay A,relay: stores and forwards packet bytes only; no financial state,HOP RECEIPT: from Relay A,hop receipt queued at Relay A,—,unchanged,transport
47.880231,Relay A,relay: stores and forwards packet bytes only; no financial state,"NOTE: duplicate copy of PKT-000080: receipt sent, not forwarded",—,—,unchanged,note
47.880231,Relay A,relay: stores and forwards packet bytes only; no financial state,HOP RECEIPT: from Relay A,hop receipt queued at Relay A,—,unchanged,transport
47.880231,Relay A,relay: stores and forwards packet bytes only; no financial state,"NOTE: duplicate copy of PKT-000081: receipt sent, not forwarded",—,—,unchanged,note
47.880509,Relay A,relay: stores and forwards packet bytes only; no financial state,"PACKET SENT: hop receipt: Relay A → Neptune, lands h 51.7438","backbone Relay A→Neptune launch h 47.8805 (hop_receipt, attempt 1)",h 51.7438,unchanged,transport
47.880509,Relay A,relay: stores and forwards packet bytes only; no financial state,"PACKET SENT: hop receipt: Relay A → Neptune, lands h 51.7438","backbone Relay A→Neptune launch h 47.8805 (hop_receipt, attempt 1)",h 51.7438,unchanged,transport
48.501148,Relay A,relay: stores and forwards packet bytes only; no financial state,"RETRY #2: transfer_status: Relay A → Neptune, lands h 52.3644","backbone Relay A→Neptune launch h 48.5011 (data, attempt 2)",h 52.3644,unchanged,network
48.501148,Relay A,relay: stores and forwards packet bytes only; no financial state,"RETRY #2: data ack: Relay A → Neptune, lands h 52.3644","backbone Relay A→Neptune launch h 48.5011 (data_ack, attempt 2)",h 52.3644,unchanged,transport
48.501637,Relay A,relay: stores and forwards packet bytes only; no financial state,HOP RECEIPT: from Relay A,hop receipt queued at Relay A,—,unchanged,transport
48.501915,Relay A,relay: stores and forwards packet bytes only; no financial state,"PACKET SENT: hop receipt: Relay A → Neptune, lands h 52.3652","backbone Relay A→Neptune launch h 48.5019 (hop_receipt, attempt 1)",h 52.3652,unchanged,transport
48.502098,Relay A,relay: stores and forwards packet bytes only; no financial state,HOP RECEIPT: from Relay A,hop receipt queued at Relay A,—,unchanged,transport
48.502098,Relay A,relay: stores and forwards packet bytes only; no financial state,HOP RECEIPT: from Relay A,hop receipt queued at Relay A,—,unchanged,transport
48.502192,Relay A,relay: stores and forwards packet bytes only; no financial state,"PACKET SENT: status_query: Relay A → Earth, lands h 48.8115","backbone Relay A→Earth launch h 48.5022 (data, attempt 1)",h 48.8115,unchanged,network
48.502376,Relay A,relay: stores and forwards packet bytes only; no financial state,"PACKET SENT: hop receipt: Relay A → Neptune, lands h 52.3657","backbone Relay A→Neptune launch h 48.5024 (hop_receipt, attempt 1)",h 52.3657,unchanged,transport
48.502376,Relay A,relay: stores and forwards packet bytes only; no financial state,"PACKET SENT: hop receipt: Relay A → Neptune, lands h 52.3657","backbone Relay A→Neptune launch h 48.5024 (hop_receipt, attempt 1)",h 52.3657,unchanged,transport
48.502654,Relay A,relay: stores and forwards packet bytes only; no financial state,"PACKET SENT: transfer_status: Relay A → Earth, lands h 48.8119","backbone Relay A→Earth launch h 48.5027 (data, attempt 1)",h 48.8119,unchanged,network
48.502654,Relay A,relay: stores and forwards packet bytes only; no financial state,"PACKET SENT: data ack: Relay A → Earth, lands h 48.8119","backbone Relay A→Earth launch h 48.5027 (data_ack, attempt 1)",h 48.8119,unchanged,transport
48.811471,Earth,"Earth Exchange last received: batch_result from Ceres Exchange @h31.74, transfer from Neptune Exchange @h39.46; Earth Exchange awaiting ack: status_query→Neptune Exchange, transfer_status→Neptune Exchange",HOP RECEIPT: from Earth,hop receipt queued at Earth,—,unchanged,transport
48.811471,Earth Exchange,"Earth Exchange last received: transfer from Neptune Exchange @h39.46, status_query from Neptune Exchange @h48.81; Earth Exchange awaiting ack: status_query→Neptune Exchange, transfer_status→Neptune Exchange",RECEIVED: status_query at Earth Exchange,—,—,unchanged,network
48.811471,E-Alice,"E-Alice sees own $74,750.00 free at Earth","DUPLICATE IGNORED: XFR-000002 (delivery): same transaction id, no effect — destination validates the locked commitment",—,—,unchanged,finance
48.811471,Earth Exchange,"Earth Exchange last received: transfer from Neptune Exchange @h39.46, status_query from Neptune Exchange @h48.81; Earth Exchange awaiting ack: status_query→Neptune Exchange, transfer_status→Neptune Exchange",MESSAGE SENT: transfer_status: Earth Exchange → Neptune Exchange (backbone),backbone message transfer_status Earth Exchange→Neptune Exchange on Earth → Relay A → Neptune,delivered h 52.9849,unchanged,network
48.811471,Earth,"Earth Exchange last received: transfer from Neptune Exchange @h39.46, status_query from Neptune Exchange @h48.81; Earth Exchange awaiting ack: status_query→Neptune Exchange, transfer_status→Neptune Exchange",DATA ACK: from Earth,data ack queued at Earth,—,unchanged,transport
48.811749,Earth,"Earth Exchange last received: transfer from Neptune Exchange @h39.46, status_query from Neptune Exchange @h48.81; Earth Exchange awaiting ack: status_query→Neptune Exchange, transfer_status→Neptune Exchange","PACKET SENT: hop receipt: Earth → Relay A, lands h 49.1210","backbone Earth→Relay A launch h 48.8117 (hop_receipt, attempt 1)",h 49.1210,unchanged,transport
48.811749,Earth,"Earth Exchange last received: transfer from Neptune Exchange @h39.46, status_query from Neptune Exchange @h48.81; Earth Exchange awaiting ack: status_query→Neptune Exchange, transfer_status→Neptune Exchange","PACKET SENT: transfer_status: Earth → Relay A, lands h 49.1210","backbone Earth→Relay A launch h 48.8117 (data, attempt 1)",h 49.1210,unchanged,network
48.811749,Earth,"Earth Exchange last received: transfer from Neptune Exchange @h39.46, status_query from Neptune Exchange @h48.81; Earth Exchange awaiting ack: status_query→Neptune Exchange, transfer_status→Neptune Exchange","PACKET SENT: data ack: Earth → Relay A, lands h 49.1210","backbone Earth→Relay A launch h 48.8117 (data_ack, attempt 1)",h 49.1210,unchanged,transport
48.811933,Earth,"Earth Exchange last received: transfer from Neptune Exchange @h39.46, status_query from Neptune Exchange @h48.81; Earth Exchange awaiting ack: status_query→Neptune Exchange, transfer_status→Neptune Exchange",HOP RECEIPT: from Earth,hop receipt queued at Earth,—,unchanged,transport
48.811933,Earth Exchange,"Earth Exchange last received: status_query from Neptune Exchange @h48.81, transfer_status from Neptune Exchange @h48.81; Earth Exchange awaiting ack: status_query→Neptune Exchange, transfer_status→Neptune Exchange",RECEIVED: transfer_status at Earth Exchange,—,—,unchanged,network
48.811933,E-Alice,"E-Alice sees own $74,750.00 free at Earth",SOURCE RECONCILED: XFR-000001 confirmed at the source — source reconciles to the destination record,—,—,unchanged,finance
48.811933,Earth,"Earth Exchange last received: status_query from Neptune Exchange @h48.81, transfer_status from Neptune Exchange @h48.81; Earth Exchange awaiting ack: status_query→Neptune Exchange, transfer_status→Neptune Exchange",DATA ACK: from Earth,data ack queued at Earth,—,unchanged,transport
48.811933,Earth,"Earth Exchange last received: status_query from Neptune Exchange @h48.81, transfer_status from Neptune Exchange @h48.81; Earth Exchange awaiting ack: status_query→Neptune Exchange, transfer_status→Neptune Exchange",HOP RECEIPT: from Earth,hop receipt queued at Earth,—,unchanged,transport
48.812211,Earth,"Earth Exchange last received: status_query from Neptune Exchange @h48.81, transfer_status from Neptune Exchange @h48.81; Earth Exchange awaiting ack: status_query→Neptune Exchange, transfer_status→Neptune Exchange","PACKET SENT: hop receipt: Earth → Relay A, lands h 49.1215","backbone Earth→Relay A launch h 48.8122 (hop_receipt, attempt 1)",h 49.1215,unchanged,transport
48.812211,Earth,"Earth Exchange last received: status_query from Neptune Exchange @h48.81, transfer_status from Neptune Exchange @h48.81; Earth Exchange awaiting ack: status_query→Neptune Exchange, transfer_status→Neptune Exchange","PACKET SENT: data ack: Earth → Relay A, lands h 49.1215","backbone Earth→Relay A launch h 48.8122 (data_ack, attempt 1)",h 49.1215,unchanged,transport
48.812211,Earth,"Earth Exchange last received: status_query from Neptune Exchange @h48.81, transfer_status from Neptune Exchange @h48.81; Earth Exchange awaiting ack: status_query→Neptune Exchange, transfer_status→Neptune Exchange","PACKET SENT: hop receipt: Earth → Relay A, lands h 49.1215","backbone Earth→Relay A launch h 48.8122 (hop_receipt, attempt 1)",h 49.1215,unchanged,transport
49.121040,Relay A,relay: stores and forwards packet bytes only; no financial state,HOP RECEIPT: from Relay A,hop receipt queued at Relay A,—,unchanged,transport
49.121040,Relay A,relay: stores and forwards packet bytes only; no financial state,HOP RECEIPT: from Relay A,hop receipt queued at Relay A,—,unchanged,transport
49.121318,Relay A,relay: stores and forwards packet bytes only; no financial state,"PACKET SENT: hop receipt: Relay A → Earth, lands h 49.4306","backbone Relay A→Earth launch h 49.1213 (hop_receipt, attempt 1)",h 49.4306,unchanged,transport
49.121318,Relay A,relay: stores and forwards packet bytes only; no financial state,"PACKET SENT: hop receipt: Relay A → Earth, lands h 49.4306","backbone Relay A→Earth launch h 49.1213 (hop_receipt, attempt 1)",h 49.4306,unchanged,transport
49.121501,Relay A,relay: stores and forwards packet bytes only; no financial state,HOP RECEIPT: from Relay A,hop receipt queued at Relay A,—,unchanged,transport
49.121595,Relay A,relay: stores and forwards packet bytes only; no financial state,"PACKET SENT: transfer_status: Relay A → Neptune, lands h 52.9849","backbone Relay A→Neptune launch h 49.1216 (data, attempt 1)",h 52.9849,unchanged,network
49.121595,Relay A,relay: stores and forwards packet bytes only; no financial state,"PACKET SENT: data ack: Relay A → Neptune, lands h 52.9849","backbone Relay A→Neptune launch h 49.1216 (data_ack, attempt 1)",h 52.9849,unchanged,transport
49.121779,Relay A,relay: stores and forwards packet bytes only; no financial state,"PACKET SENT: hop receipt: Relay A → Earth, lands h 49.4310","backbone Relay A→Earth launch h 49.1218 (hop_receipt, attempt 1)",h 49.4310,unchanged,transport
49.122057,Relay A,relay: stores and forwards packet bytes only; no financial state,"PACKET SENT: data ack: Relay A → Neptune, lands h 52.9854","backbone Relay A→Neptune launch h 49.1221 (data_ack, attempt 1)",h 52.9854,unchanged,transport
49.501465,Relay A,relay: stores and forwards packet bytes only; no financial state,"RETRY #3: transfer: Relay A → Neptune, lands h 53.3648","backbone Relay A→Neptune launch h 49.5015 (data, attempt 3)",h 53.3648,unchanged,network
50.123058,Relay A,relay: stores and forwards packet bytes only; no financial state,"RETRY #2: status_query: Relay A → Neptune, lands h 53.9864","backbone Relay A→Neptune launch h 50.1231 (data, attempt 2)",h 53.9864,unchanged,network
52.364437,Neptune,"Neptune Exchange last received: batch_result from Ceres Exchange @h35.29, transfer from Earth Exchange @h35.91; Neptune Exchange awaiting ack: transfer_status→Earth Exchange, status_query→Earth Exchange",HOP RECEIPT: from Neptune,hop receipt queued at Neptune,—,unchanged,transport
52.364437,Neptune Exchange,"Neptune Exchange last received: transfer from Earth Exchange @h35.91, transfer_status from Earth Exchange @h52.36; Neptune Exchange awaiting ack: transfer_status→Earth Exchange, status_query→Earth Exchange",RECEIVED: transfer_status at Neptune Exchange,—,—,unchanged,network
52.364437,N-Eve,"N-Eve sees own $50,250.00 free at Neptune",SOURCE RECONCILED: XFR-000002 confirmed at the source — source reconciles to the destination record,—,—,unchanged,finance
52.364437,Neptune,"Neptune Exchange last received: transfer from Earth Exchange @h35.91, transfer_status from Earth Exchange @h52.36; Neptune Exchange awaiting ack: transfer_status→Earth Exchange, status_query→Earth Exchange",DATA ACK: from Neptune,data ack queued at Neptune,—,unchanged,transport
52.364437,Neptune,"Neptune Exchange last received: transfer from Earth Exchange @h35.91, transfer_status from Earth Exchange @h52.36; Neptune Exchange awaiting ack: transfer_status→Earth Exchange, status_query→Earth Exchange",HOP RECEIPT: from Neptune,hop receipt queued at Neptune,—,unchanged,transport
52.364715,Neptune,"Neptune Exchange last received: transfer from Earth Exchange @h35.91, transfer_status from Earth Exchange @h52.36; Neptune Exchange awaiting ack: transfer_status→Earth Exchange, status_query→Earth Exchange","PACKET SENT: hop receipt: Neptune → Relay A, lands h 56.2283","backbone Neptune→Relay A launch h 52.3647 (hop_receipt, attempt 1)",h 56.2283,unchanged,transport
52.364715,Neptune,"Neptune Exchange last received: transfer from Earth Exchange @h35.91, transfer_status from Earth Exchange @h52.36; Neptune Exchange awaiting ack: transfer_status→Earth Exchange, status_query→Earth Exchange","PACKET SENT: data ack: Neptune → Relay A, lands h 56.2283","backbone Neptune→Relay A launch h 52.3647 (data_ack, attempt 1)",h 56.2283,unchanged,transport
52.364715,Neptune,"Neptune Exchange last received: transfer from Earth Exchange @h35.91, transfer_status from Earth Exchange @h52.36; Neptune Exchange awaiting ack: transfer_status→Earth Exchange, status_query→Earth Exchange","PACKET SENT: hop receipt: Neptune → Relay A, lands h 56.2283","backbone Neptune→Relay A launch h 52.3647 (hop_receipt, attempt 1)",h 56.2283,unchanged,transport
52.984911,Neptune,"Neptune Exchange last received: transfer from Earth Exchange @h35.91, transfer_status from Earth Exchange @h52.36; Neptune Exchange awaiting ack: transfer_status→Earth Exchange",HOP RECEIPT: from Neptune,hop receipt queued at Neptune,—,unchanged,transport
52.984911,Neptune Exchange,"Neptune Exchange last received: transfer_status from Earth Exchange @h52.36, transfer_status from Earth Exchange @h52.98; Neptune Exchange awaiting ack: transfer_status→Earth Exchange",RECEIVED: transfer_status at Neptune Exchange,—,—,unchanged,network
52.984911,N-Eve,"N-Eve sees own $50,250.00 free at Neptune","DUPLICATE IGNORED: XFR-000002 (confirmation): same transaction id, no effect — source reconciles to the destination record",—,—,unchanged,finance
52.984911,Neptune,"Neptune Exchange last received: transfer_status from Earth Exchange @h52.36, transfer_status from Earth Exchange @h52.98; Neptune Exchange awaiting ack: transfer_status→Earth Exchange",DATA ACK: from Neptune,data ack queued at Neptune,—,unchanged,transport
52.984911,Neptune,"Neptune Exchange last received: transfer_status from Earth Exchange @h52.36, transfer_status from Earth Exchange @h52.98; Neptune Exchange awaiting ack: transfer_status→Earth Exchange",HOP RECEIPT: from Neptune,hop receipt queued at Neptune,—,unchanged,transport
52.985189,Neptune,"Neptune Exchange last received: transfer_status from Earth Exchange @h52.36, transfer_status from Earth Exchange @h52.98; Neptune Exchange awaiting ack: transfer_status→Earth Exchange","PACKET SENT: hop receipt: Neptune → Relay A, lands h 56.8488","backbone Neptune→Relay A launch h 52.9852 (hop_receipt, attempt 1)",h 56.8488,unchanged,transport
52.985189,Neptune,"Neptune Exchange last received: transfer_status from Earth Exchange @h52.36, transfer_status from Earth Exchange @h52.98; Neptune Exchange awaiting ack: transfer_status→Earth Exchange","PACKET SENT: data ack: Neptune → Relay A, lands h 56.8488","backbone Neptune→Relay A launch h 52.9852 (data_ack, attempt 1)",h 56.8488,unchanged,transport
52.985189,Neptune,"Neptune Exchange last received: transfer_status from Earth Exchange @h52.36, transfer_status from Earth Exchange @h52.98; Neptune Exchange awaiting ack: transfer_status→Earth Exchange","PACKET SENT: hop receipt: Neptune → Relay A, lands h 56.8488","backbone Neptune→Relay A launch h 52.9852 (hop_receipt, attempt 1)",h 56.8488,unchanged,transport
52.985372,Neptune,"Neptune Exchange last received: transfer_status from Earth Exchange @h52.36, transfer_status from Earth Exchange @h52.98",HOP RECEIPT: from Neptune,hop receipt queued at Neptune,—,unchanged,transport
52.985650,Neptune,"Neptune Exchange last received: transfer_status from Earth Exchange @h52.36, transfer_status from Earth Exchange @h52.98","PACKET SENT: hop receipt: Neptune → Relay A, lands h 56.8493","backbone Neptune→Relay A launch h 52.9857 (hop_receipt, attempt 1)",h 56.8493,unchanged,transport
53.364796,Neptune,"Neptune Exchange last received: transfer_status from Earth Exchange @h52.36, transfer_status from Earth Exchange @h52.98",HOP RECEIPT: from Neptune,hop receipt queued at Neptune,—,unchanged,transport
53.364796,Neptune,"Neptune Exchange last received: transfer_status from Earth Exchange @h52.36, transfer_status from Earth Exchange @h52.98","NOTE: duplicate copy of PKT-000074: receipt sent, not forwarded",—,—,unchanged,note
53.365074,Neptune,"Neptune Exchange last received: transfer_status from Earth Exchange @h52.36, transfer_status from Earth Exchange @h52.98","PACKET SENT: hop receipt: Neptune → Relay A, lands h 57.2287","backbone Neptune→Relay A launch h 53.3651 (hop_receipt, attempt 1)",h 57.2287,unchanged,transport
53.986415,Neptune,"Neptune Exchange last received: transfer_status from Earth Exchange @h52.36, transfer_status from Earth Exchange @h52.98; Neptune Exchange awaiting ack: transfer_status→Earth Exchange",HOP RECEIPT: from Neptune,hop receipt queued at Neptune,—,unchanged,transport
53.986415,Neptune Exchange,"Neptune Exchange last received: transfer_status from Earth Exchange @h52.98, status_query from Earth Exchange @h53.99; Neptune Exchange awaiting ack: transfer_status→Earth Exchange",RECEIVED: status_query at Neptune Exchange,—,—,unchanged,network
53.986415,N-Eve,"N-Eve sees own $50,250.00 free at Neptune","DUPLICATE IGNORED: XFR-000001 (delivery): same transaction id, no effect — destination validates the locked commitment",—,—,unchanged,finance
53.986415,Neptune Exchange,"Neptune Exchange last received: transfer_status from Earth Exchange @h52.98, status_query from Earth Exchange @h53.99; Neptune Exchange awaiting ack: transfer_status→Earth Exchange",MESSAGE SENT: transfer_status: Neptune Exchange → Earth Exchange (backbone),backbone message transfer_status Neptune Exchange→Earth Exchange on Neptune → Relay A → Earth,delivered h 58.1596,unchanged,network
53.986415,Neptune,"Neptune Exchange last received: transfer_status from Earth Exchange @h52.98, status_query from Earth Exchange @h53.99; Neptune Exchange awaiting ack: transfer_status→Earth Exchange",DATA ACK: from Neptune,data ack queued at Neptune,—,unchanged,transport
53.986693,Neptune,"Neptune Exchange last received: transfer_status from Earth Exchange @h52.98, status_query from Earth Exchange @h53.99; Neptune Exchange awaiting ack: transfer_status→Earth Exchange","PACKET SENT: hop receipt: Neptune → Relay A, lands h 57.8504","backbone Neptune→Relay A launch h 53.9867 (hop_receipt, attempt 1)",h 57.8504,unchanged,transport
53.986693,Neptune,"Neptune Exchange last received: transfer_status from Earth Exchange @h52.98, status_query from Earth Exchange @h53.99; Neptune Exchange awaiting ack: transfer_status→Earth Exchange","PACKET SENT: transfer_status: Neptune → Relay A, lands h 57.8504","backbone Neptune→Relay A launch h 53.9867 (data, attempt 1)",h 57.8504,unchanged,network
53.986693,Neptune,"Neptune Exchange last received: transfer_status from Earth Exchange @h52.98, status_query from Earth Exchange @h53.99; Neptune Exchange awaiting ack: transfer_status→Earth Exchange","PACKET SENT: data ack: Neptune → Relay A, lands h 57.8504","backbone Neptune→Relay A launch h 53.9867 (data_ack, attempt 1)",h 57.8504,unchanged,transport
56.228337,Relay A,relay: stores and forwards packet bytes only; no financial state,HOP RECEIPT: from Relay A,hop receipt queued at Relay A,—,unchanged,transport
56.228615,Relay A,relay: stores and forwards packet bytes only; no financial state,"PACKET SENT: hop receipt: Relay A → Neptune, lands h 60.0922","backbone Relay A→Neptune launch h 56.2286 (hop_receipt, attempt 1)",h 60.0922,unchanged,transport
56.228892,Relay A,relay: stores and forwards packet bytes only; no financial state,"PACKET SENT: data ack: Relay A → Earth, lands h 56.5376","backbone Relay A→Earth launch h 56.2289 (data_ack, attempt 1)",h 56.5376,unchanged,transport
56.537640,Earth,"Earth Exchange last received: status_query from Neptune Exchange @h48.81, transfer_status from Neptune Exchange @h48.81; Earth Exchange awaiting ack: status_query→Neptune Exchange, transfer_status→Neptune Exchange",HOP RECEIPT: from Earth,hop receipt queued at Earth,—,unchanged,transport
56.537917,Earth,"Earth Exchange last received: status_query from Neptune Exchange @h48.81, transfer_status from Neptune Exchange @h48.81; Earth Exchange awaiting ack: status_query→Neptune Exchange, transfer_status→Neptune Exchange","PACKET SENT: hop receipt: Earth → Relay A, lands h 56.8467","backbone Earth→Relay A launch h 56.5379 (hop_receipt, attempt 1)",h 56.8467,unchanged,transport
56.848836,Relay A,relay: stores and forwards packet bytes only; no financial state,HOP RECEIPT: from Relay A,hop receipt queued at Relay A,—,unchanged,transport
56.849114,Relay A,relay: stores and forwards packet bytes only; no financial state,"PACKET SENT: hop receipt: Relay A → Neptune, lands h 60.7128","backbone Relay A→Neptune launch h 56.8491 (hop_receipt, attempt 1)",h 60.7128,unchanged,transport
56.849392,Relay A,relay: stores and forwards packet bytes only; no financial state,"PACKET SENT: data ack: Relay A → Earth, lands h 57.1581","backbone Relay A→Earth launch h 56.8494 (data_ack, attempt 1)",h 57.1581,unchanged,transport
57.158097,Earth,"Earth Exchange last received: status_query from Neptune Exchange @h48.81, transfer_status from Neptune Exchange @h48.81; Earth Exchange awaiting ack: status_query→Neptune Exchange",HOP RECEIPT: from Earth,hop receipt queued at Earth,—,unchanged,transport
57.158374,Earth,"Earth Exchange last received: status_query from Neptune Exchange @h48.81, transfer_status from Neptune Exchange @h48.81; Earth Exchange awaiting ack: status_query→Neptune Exchange","PACKET SENT: hop receipt: Earth → Relay A, lands h 57.4671","backbone Earth→Relay A launch h 57.1584 (hop_receipt, attempt 1)",h 57.4671,unchanged,transport
57.850383,Relay A,relay: stores and forwards packet bytes only; no financial state,HOP RECEIPT: from Relay A,hop receipt queued at Relay A,—,unchanged,transport
57.850383,Relay A,relay: stores and forwards packet bytes only; no financial state,HOP RECEIPT: from Relay A,hop receipt queued at Relay A,—,unchanged,transport
57.850661,Relay A,relay: stores and forwards packet bytes only; no financial state,"PACKET SENT: hop receipt: Relay A → Neptune, lands h 61.7143","backbone Relay A→Neptune launch h 57.8507 (hop_receipt, attempt 1)",h 61.7143,unchanged,transport
57.850661,Relay A,relay: stores and forwards packet bytes only; no financial state,"PACKET SENT: hop receipt: Relay A → Neptune, lands h 61.7143","backbone Relay A→Neptune launch h 57.8507 (hop_receipt, attempt 1)",h 61.7143,unchanged,transport
57.850938,Relay A,relay: stores and forwards packet bytes only; no financial state,"PACKET SENT: transfer_status: Relay A → Earth, lands h 58.1596","backbone Relay A→Earth launch h 57.8509 (data, attempt 1)",h 58.1596,unchanged,network
57.850938,Relay A,relay: stores and forwards packet bytes only; no financial state,"PACKET SENT: data ack: Relay A → Earth, lands h 58.1596","backbone Relay A→Earth launch h 57.8509 (data_ack, attempt 1)",h 58.1596,unchanged,transport
58.159574,Earth,"Earth Exchange last received: status_query from Neptune Exchange @h48.81, transfer_status from Neptune Exchange @h48.81",HOP RECEIPT: from Earth,hop receipt queued at Earth,—,unchanged,transport
58.159574,Earth Exchange,"Earth Exchange last received: transfer_status from Neptune Exchange @h48.81, transfer_status from Neptune Exchange @h58.16",RECEIVED: transfer_status at Earth Exchange,—,—,unchanged,network
58.159574,E-Alice,"E-Alice sees own $74,750.00 free at Earth","DUPLICATE IGNORED: XFR-000001 (confirmation): same transaction id, no effect — source reconciles to the destination record",—,—,unchanged,finance
58.159574,Earth,"Earth Exchange last received: transfer_status from Neptune Exchange @h48.81, transfer_status from Neptune Exchange @h58.16",DATA ACK: from Earth,data ack queued at Earth,—,unchanged,transport
58.159574,Earth,"Earth Exchange last received: transfer_status from Neptune Exchange @h48.81, transfer_status from Neptune Exchange @h58.16",HOP RECEIPT: from Earth,hop receipt queued at Earth,—,unchanged,transport
58.159852,Earth,"Earth Exchange last received: transfer_status from Neptune Exchange @h48.81, transfer_status from Neptune Exchange @h58.16","PACKET SENT: hop receipt: Earth → Relay A, lands h 58.4685","backbone Earth→Relay A launch h 58.1599 (hop_receipt, attempt 1)",h 58.4685,unchanged,transport
58.159852,Earth,"Earth Exchange last received: transfer_status from Neptune Exchange @h48.81, transfer_status from Neptune Exchange @h58.16","PACKET SENT: data ack: Earth → Relay A, lands h 58.4685","backbone Earth→Relay A launch h 58.1599 (data_ack, attempt 1)",h 58.4685,unchanged,transport
58.159852,Earth,"Earth Exchange last received: transfer_status from Neptune Exchange @h48.81, transfer_status from Neptune Exchange @h58.16","PACKET SENT: hop receipt: Earth → Relay A, lands h 58.4685","backbone Earth→Relay A launch h 58.1599 (hop_receipt, attempt 1)",h 58.4685,unchanged,transport
58.468499,Relay A,relay: stores and forwards packet bytes only; no financial state,HOP RECEIPT: from Relay A,hop receipt queued at Relay A,—,unchanged,transport
58.468777,Relay A,relay: stores and forwards packet bytes only; no financial state,"PACKET SENT: hop receipt: Relay A → Earth, lands h 58.7774","backbone Relay A→Earth launch h 58.4688 (hop_receipt, attempt 1)",h 58.7774,unchanged,transport
58.469055,Relay A,relay: stores and forwards packet bytes only; no financial state,"PACKET SENT: data ack: Relay A → Neptune, lands h 62.3328","backbone Relay A→Neptune launch h 58.4691 (data_ack, attempt 1)",h 62.3328,unchanged,transport
62.332759,Neptune,"Neptune Exchange last received: transfer_status from Earth Exchange @h52.98, status_query from Earth Exchange @h53.99",HOP RECEIPT: from Neptune,hop receipt queued at Neptune,—,unchanged,transport
62.333037,Neptune,"Neptune Exchange last received: transfer_status from Earth Exchange @h52.98, status_query from Earth Exchange @h53.99","PACKET SENT: hop receipt: Neptune → Relay A, lands h 66.1971","backbone Neptune→Relay A launch h 62.3330 (hop_receipt, attempt 1)",h 66.1971,unchanged,transport
